InternalUserId,LoginUserId,Password,UserRole,Rank,WorkCountry
C-a1e68544-1b9b-4f2e-ab97-6e6d2da16ff7,fPfuylSs,meBVpcAXTD,customer,,
C-96d67600-3798-4cbf-a774-87388f4b63ae,FiKvuyxj,ysuNcYxAfx,customer,,
C-ec85437f-d70c-4fc3-8990-9c685fe5827a,mMCjEEXo,nyjdudMYFp,customer,,
C-316e5795-f314-46b6-82d2-195dc1b0e466,FjYJsrRu,ZsDVDXuQmE,customer,,
C-e6ef447b-cf28-4e23-a325-18e5352a4eb1,mKTDxrnH,bFLczDOfKJ,customer,,
C-2991bdbc-0df6-46b1-a637-d7d860bbd9a1,wJCquvHo,bNKSQKnyYI,customer,,
C-8615e1cc-2812-4977-ae2a-a4c31a28ae83,hnnCNIvf,iaqjkAdGRQ,customer,,
C-53b275e7-82f4-4a63-9f61-5e91a87b5d81,VbNdsDbF,bGDldKgnbn,customer,,
C-26add804-1303-4ae7-934f-153148c3f9e3,QFUixPSt,JhDrXeGjil,customer,,
C-183734a6-4953-482c-afe7-13486af6ebe6,mdEBazuL,cImfBtUdcL,customer,,
C-8e3e61cd-347a-4e65-baf4-ab9eb5f6f213,wYMJWGzT,yTInFxRxoO,customer,,
C-7b650b68-0885-442b-872e-dc06ad08d58e,xrnIUVBe,DCbqzjDdiK,customer,,
C-7a893848-404f-43ac-8ed9-bcdb68c51449,fRApWVUI,uNwmTMlaDS,customer,,
C-ad5bb72d-df03-44b2-a2fd-fab9eacda9f8,IPjleGCA,XGmUcjVPhr,customer,,
C-e28f4058-ad80-4c91-8fc7-949617ec87b1,NmYaNkFt,ahWsjLuzrH,customer,,
C-998ae8c9-a2cf-4075-bfca-e03764cc5c07,VnseXKiD,yqvHneCaiq,customer,,
C-7938af95-e0f4-404c-b70c-959048f70f13,dEBhWdHC,FgoPCkKIVk,customer,,
C-de901bdb-eb23-4e75-9b97-3b7ce0c463d6,uSUkldCT,ToxUbazxPR,customer,,
C-07dd4679-db4a-42f5-ae0f-9b0bf59a6baa,fuFAFBBo,WsEVIvHznE,customer,,
C-7a245a69-5497-4566-a570-d2c34b66ad7d,KHpvjqnk,qSChiMEQkn,customer,,
C-e7db50a8-f6c7-4075-b795-a3a76356d204,uUgYKeiS,tohvchUkuM,customer,,
C-adb2d73a-4ad7-40db-ba3e-82e85bffa4bc,oxSmAKsO,vvDZYjjYez,customer,,
C-631a0b23-db5a-4c6e-bb11-d0a81a26a27f,ELinMuMP,WewcDUGWOo,customer,,
C-e88fcbce-9403-49f4-b773-ac51d921477a,bNoMwXoU,sjpPQrSdZF,customer,,
C-ea50b723-8179-444a-82c3-8ac28f3b53a4,MNosmAKS,qwjOeiRUYR,customer,,
C-fffb146f-4d2d-43bd-a02e-11b1fe7f3cec,whHiPVgX,FSDMRXSMMc,customer,,
C-56ef0fc4-c277-4f0b-9302-244722c34379,nnMYbeta,risJSwCcYY,customer,,
C-ce886bdc-bc88-46ae-8793-88161979d5da,LgOQSUxc,wqQqKtUUYZ,customer,,
C-cbaee384-10dd-45d2-8d94-feb005f92082,gvvbxtUb,mEZAQMZnZt,customer,,
C-61798ffc-245a-4f54-97d7-c2bfd4da3a02,qDOxYMcs,wTgEhkOMBU,customer,,
C-1cf8860b-ef08-4d73-a68f-51247b8df854,sbpcTstR,skIkGHLQcf,customer,,
C-d0be3dbc-1d5f-4ce2-beb9-77c861e63a9d,gptcHrdW,uHzUIQfiuc,customer,,
C-aef0b883-726f-4cdd-bfe9-e495e007afcf,cjgGkiYd,KrpIdaoiUn,customer,,
C-16095b37-f699-4a80-95e7-69f1008d0227,ZHWZnMZW,RWROUJueOH,customer,,
C-040f9b53-b416-4cd7-b7b4-3122c676463b,wSZNAkkv,ANbtPzXMDH,customer,,
C-aadac938-787e-4e3a-ae5f-d5eab33ad919,sgJwKzIA,aEXUFCEoGH,customer,,
C-20df69e3-bf09-419d-864f-be4837e6d6b1,yoZIXwGc,FEsfFXIhcA,customer,,
C-944f39d0-629b-4830-9800-f72101076b3f,hPGEaXaW,lolqrxHipF,customer,,
C-7ca55fe4-6eb2-4912-8b00-a8424c2bcec6,OQJJyrzW,jEPTmGQjNI,customer,,
C-f9688a52-47b6-4790-9753-39c34afb0882,vCILzmdM,cnMcyQXbaU,customer,,
C-ccccee00-e5e2-41e6-81e3-c55461ab72c8,BnBPbLvX,ZbtKfcXNbI,customer,,
C-e3dcda05-3da7-4364-b9e7-c3212124e449,YjAOgEFO,iiPCAqFdjh,customer,,
C-f294401e-9d32-4254-86d7-555ccb4aa3cd,YYKiIHQD,ORvzMJeTYR,customer,,
C-3edbbbe8-2826-4bfd-82d6-a6dfedb248d5,OObfxDQm,ysVTGYSoUV,customer,,
C-2c752d11-52a0-4b8a-ae4f-cf25f3d8a8c7,wSbjvgtI,VNlQwOMVzE,customer,,
C-9153f9d8-a50b-4055-b6b1-10285e8b66c7,oBtflbCy,kXrWMFLNWK,customer,,
C-ae023c29-4de8-4902-8357-0a355e155859,JToGxJcP,OZACnWQdMN,customer,,
C-78da83a6-c5bd-420d-850e-5854e9ce224a,LLVihTIA,qYkTaUyhse,customer,,
C-0c0974cd-5170-4727-9698-e9e0b04e0042,zgZLfZrd,bbUUNQiJKw,customer,,
C-b5fde763-d14d-4200-be28-25ceec2b862a,fzuZUBBt,FgyjzCCFWD,customer,,
C-b9b7ab33-ce59-4c58-aa3e-9d9fff434de2,AHQBPJdh,MLEVcyTKHD,customer,,
C-bbc3f545-81f7-45ac-ab0c-dcceb9d14694,bABWjHBM,lSWwckVNRB,customer,,
C-fcb85bbd-490e-421e-a2c8-d640cd6e7229,acmneJjc,bOgwEQwVPP,customer,,
C-b776c8e9-aabc-4b39-935c-2a4892004aca,ltITNjNb,nCFLwWUIgC,customer,,
C-38fb2cbb-cadc-41d6-bfef-f6fb444b0850,YRNDhEdb,ePXNKCDXOd,customer,,
C-c42a8d93-f07a-40b1-81f6-b8274688983f,glkKSXkP,UxATGXkGkY,customer,,
C-6e242f38-b503-478b-91f4-419b70be2678,XkoikABK,HzxAfjYKGt,customer,,
C-a4ad1e34-48a4-4824-811f-1bf7e8b70bfe,dypJZVQT,zzVzBAJpaD,customer,,
C-5b4947ca-0295-4d6c-a625-fb67f5fbdd6c,Uoecnngp,ugYMvAGUzc,customer,,
C-00c4cf15-7965-4fe4-8c25-be9f294b7429,SqteYGxJ,uvJuITzksM,customer,,
C-c7f669c4-7d72-461a-b196-425a0547e096,ZFmIiLeA,UyIqQtUlxB,customer,,
C-1f7c5247-9d03-42e5-8572-ddd8423b66b6,YGalHkgb,PxfiBwKGMx,customer,,
C-0c143bfa-0b11-400b-acad-52d4ff33535e,vylSNlqT,zXtXKmlchn,customer,,
C-3d0f6465-5e80-4cb5-8b33-157422be4fd5,aXqPfENB,XUdXfDysSp,customer,,
C-6d61102d-ae5d-4a77-ab3f-14317f6cd1fe,dtmcEikH,njJCWxgKfn,customer,,
C-b4234905-323b-452a-88d2-3c67e7386614,LiDgdcMq,aXJHqyRjtv,customer,,
C-c7623fa0-fdf7-4374-97fb-63e64f56c031,vYHNoubP,rtxOjuMcYL,customer,,
C-61ad1131-ce6b-45e3-8799-8ba3c97e4193,kSnPxoJS,UuglNlrriM,customer,,
C-81b10c5f-9598-440f-b1ff-022c5c329c7b,BfakIaHG,pieVjfRXea,customer,,
C-9f60143a-f378-4916-97be-6c9cb9403c65,AijAlFsm,uUnFiUIcpM,customer,,
C-b56fe60e-7c2b-4606-bbb1-700db0c820ec,fIafMVoo,LaUkIugeAW,customer,,
C-1ce3ba6d-5f82-4211-9dfe-8878831c95e7,BpkzLxGa,wNyzlomClm,customer,,
C-ff337b6b-a083-4d63-9346-eedb3fceccf5,mLIKaCmi,JhxXTOSPRm,customer,,
C-d6b88dcb-daa8-4fc3-bfc4-513fac2157f4,VsbUmeke,UNMyclQDfk,customer,,
C-b8be04a7-b599-48bc-b3e3-73430c4567bb,LmAwLqWm,fhAUjIlxwj,customer,,
C-dddf9469-04a3-4894-af3b-db4a2b337831,MdjqFJtr,DZrvfRSdEh,customer,,
C-42c221f3-45fd-4ca8-9511-f99129806da2,gjWXOTRc,UEThvHDUlu,customer,,
C-2e133aec-ac21-4087-b278-e715fe0872d5,eAasGfxE,sTzTJBHblN,customer,,
C-08859fd1-9b49-4476-9edb-d21fa822f8e5,niDnfwGj,DscVqullzS,customer,,
C-560899c1-77e8-464d-8d45-28620efbbb56,FgwHafng,nhxGzPLtjr,customer,,
C-4328165c-83a0-4c2a-b4fa-3a591627d073,eplNyoCr,nrFjSVWJWC,customer,,
C-2721cce2-6aba-4a72-aba9-abc6bc6341ce,WswQFMRU,FooBbjAOWk,customer,,
C-855ee4e3-af12-4ebd-9f2b-1272081ea40a,OWsPokCa,VNwxdTRDnx,customer,,
C-757ec10a-e474-436e-a6fd-e4b239dbb9ce,IIIfPDSs,iQQjovgzVu,customer,,
C-904f253f-c998-46c6-ab39-2c9ef8823e10,UoFRROJf,tHAmniZKJw,customer,,
C-4a19ab0f-badb-4c5d-b3bc-da489c11858e,caoezXea,TlFsKAOnus,customer,,
C-c9a338eb-4709-482b-a437-caa7e5e36bc1,KgLSGWSq,VUuQFdKPZZ,customer,,
C-c5d2682b-f935-420e-b218-30b0d745e9c9,MqoItEVF,pDttmKIYXR,customer,,
C-c75b9d2a-7aa0-49d0-87f8-ca74d6554a62,ifYLoqjm,FgauCcytgQ,customer,,
C-1d6da028-65b6-40cf-a0c3-416fd42d1c6a,WgMkpgMG,hqUOBtUlpj,customer,,
C-f3f30566-361f-41bc-9305-0de95fdf4dcc,XsOlGuzR,KzFlaTwmao,customer,,
C-de8e493d-6d3c-4886-a162-6373f256973d,VemiYwPo,kzjtUDmieF,customer,,
C-eac36018-2cb5-495f-a983-127f6dede5c3,ODFEpRsI,zeOiUPQenK,customer,,
C-b76d8277-d627-488e-9c51-ad364dadd39d,CRQgjEZn,QevRnZFuvp,customer,,
C-6b50519b-6ff5-4de4-ba5b-bbd46e3d25a9,zfpUWWKD,xEneDdPsCF,customer,,
C-cba1ac45-6db1-469d-b5e5-b1598c8c7270,UduYyrjW,uonkQazSQB,customer,,
C-d0396781-0453-42ff-bce0-87d93369f5f3,lcsDuDEO,wpYScVRsQH,customer,,
C-127550ab-3733-49ba-97e8-21939e8ffba2,mpWoHtsd,pRRHQSpZNe,customer,,
C-4e8d158e-d386-4029-b520-611f554fa16c,OcUjAuqP,yRVRyKrvtC,customer,,
C-8ae6eb5a-0821-4a9c-a0d6-5d072eca1e92,iKSrJfKP,xmezAtBXYK,customer,,
C-c0656623-0e13-47b0-ac78-db4d7a6c0765,dsrWMmWC,aFbGMTULKn,customer,,
C-f6c6a06a-3003-4057-9e97-5589326ee60e,jBDaPMsU,UZGxbzzmbI,customer,,
C-5e1f7c29-f4b3-43d3-9e6e-fb124bf78b35,CEWNrnJA,rqZpPXMrzt,customer,,
C-e6882036-665e-4d23-a16f-d45076d046ee,bkBtWSLo,eblLOhkxXq,customer,,
C-433a7f4a-3aef-4369-a86f-233dc897b5e8,MUSYDYWk,hJNyLcKYNq,customer,,
C-391bdfd7-7b95-41c4-a13c-277a2b53e464,xfojIYoo,EWdZcwjlua,customer,,
C-e237bb20-1b07-46d5-a6a0-f52a0124b288,SeVPmWjd,HfriPHqJak,customer,,
C-4a534dd4-438b-4455-9127-89746d326fdb,SYpfNqwV,rOKXbwIgDX,customer,,
C-4ecebed6-0a83-474a-9725-0b02b86e6461,cBCoTPFq,DjQgCJsJoF,customer,,
C-a8e3c881-0b69-434e-8a44-21f233ebea43,LjdvCaTJ,pdmcShDDTU,customer,,
C-8a3ab360-dd85-43cc-8420-b2c844f3f6a5,xiUVdKtQ,PNCxZWPATJ,customer,,
C-4b732116-53c3-4dc9-8dac-7d1c3a61b1a1,QBaZiWKg,aHoWrVbbtn,customer,,
C-1f59b0ef-b94b-4889-a7fe-97e7d70482c8,JCVYHWfJ,HUtxyxqIpj,customer,,
C-1363bfa2-42e4-47d7-81c2-d57d91dcb7a1,PxtXdtcO,UoLsRMsipd,customer,,
C-70b8dbfe-26e8-46ac-89d7-89ff39d372a0,kRDBXifJ,cLMhaxVIbw,customer,,
C-e76d3269-c2ef-4b98-a450-f5dc77e6ed5a,ZnQAsjDn,cXCcREQNIT,customer,,
C-99adc014-0247-4a49-b82e-7c5fce7ec8f8,rzyihxHk,HjvFYMXzjN,customer,,
C-d330ad06-c157-4e55-8ad6-fc2f0e68ce54,grcWlIDl,etinsVKIHV,customer,,
C-eaa325c9-5292-41bb-9851-b96a28533085,QcVsFaLD,dhQLQGGddO,customer,,
C-451161c3-7071-4d6d-9a61-19efa69dcf93,pZSsvqZR,RZTVPceDlF,customer,,
C-81849ee9-03ad-415e-8a89-eb466956ba06,tgbCiJuy,tykYuMBcYa,customer,,
C-5ce38ae2-bab7-42c5-a226-67db237b3963,bxpCvwCZ,qiJvnSeypA,customer,,
C-5835056d-f1e0-4c21-aea6-683aebe39b74,wUrIAkxJ,ZDOSyaqTuW,customer,,
C-7a0f0863-e766-42f7-9b24-5dfa0faa06a4,eTJFUqno,HhjHojEUnQ,customer,,
C-d3e7a03e-4eef-4f60-b3c2-dd7ab35ef6e8,jFiXXMXC,IkBbImtRFv,customer,,
C-72ba41d4-a2c1-416c-b2e0-bfaabfb3892a,wXAMUFDA,KcceFiMEVT,customer,,
C-92645510-c685-423a-8722-4e1fef94dcdb,NtrbnewG,ZjFIBQLcgL,customer,,
C-93f90707-d75a-4f69-95b3-9f331ff9869d,oNjSgolp,ZwwsLAbWuh,customer,,
C-b43457e6-fa47-483c-8349-d913062e6912,IFCiMDmK,QaInbtoNLK,customer,,
C-37fba096-c6bc-4c25-8457-01d9d4e45b13,MTOFOTBi,lJEuNJRXwu,customer,,
C-199c2fa2-d6a8-4544-a1f7-f82f98b1b3c9,MDlNzzfv,zIZlfftRcp,customer,,
C-6d3f4e76-61d4-45ad-b7a9-2f9ff3efe777,oETpqCmd,gQBLtGHlAj,customer,,
C-816d668e-490b-4bf8-8288-9aacdc4ff291,LoYqavRv,uJwdmJiHhS,customer,,
C-bca5a1b4-aa07-4910-8dec-f09c8880202f,fnXWqHGQ,oixYUtqUZt,customer,,
C-a1a8f6e3-c8b6-4a73-b98a-795ee5e595d8,QYaazekH,inIMSnGMkL,customer,,
C-d41d87d0-7fb9-440f-8b2c-d88114f63679,rlSGDcgk,eMYxUSPJTK,customer,,
C-fd053724-fa21-4c28-83d6-14f9a67bf932,qbyCkmpP,YDVjHRRXod,customer,,
C-f4457029-10c1-4ecd-a49c-f3e53474c597,agZBZRyc,ksxMUaUmYy,customer,,
C-92f22023-406d-40be-aff6-95de286e188e,EmXssDFk,kbJsIMbQLx,customer,,
C-32ecee14-2390-4392-81b3-2773f0a97153,ErzwuCRM,PzxjmHkxtd,customer,,
C-ea4f0ff3-307e-48d7-b4df-9aacc9969be9,hzYbtglc,rasxDStLbY,customer,,
C-d24fa492-1185-4106-90c4-917728bc20ac,aveaasxA,qqwyKygFHW,customer,,
C-1d24f4ba-81e5-4ea9-9518-ac030595ed5c,IjxKMsDZ,PPszOZJOKW,customer,,
C-d3c9438f-4c9e-49ef-9ca5-5d9d4f595ee6,ZRqGadwy,HaURbuwxDZ,customer,,
C-2f0700dc-8c05-4a4e-83b8-2bf65e0e9347,XaIuXQAi,UMxVfGTLLv,customer,,
C-8d8f63a4-a467-45b8-ae6f-8d2e8043813d,VxNCMqWk,WliaAQofma,customer,,
C-ef09eb22-c6a5-460f-987c-9d175ecec61b,EVqAadmP,eesjVOAzCD,customer,,
C-cebaec03-ddad-4253-af5c-4de140432611,ZihAiSem,sSNvrCzxod,customer,,
C-3b260840-1bac-47a3-9273-9a4d5759aff8,HkJDgmny,IqAJyPENOt,customer,,
C-56cb87fa-b54c-4758-8f31-886e79041be3,dgsTlETn,JBLIsGBpjr,customer,,
C-f05b9e99-a3d0-4d96-8ad7-ae5c71198ac0,XHIHSfeS,qRBWhHXwBq,customer,,
C-8a5e3570-de14-4c9c-a4b1-2384f387889c,ckUogveN,AvXSfOFlhk,customer,,
C-add575ab-9bba-4fbc-8b93-4cfa455affbe,RhuJIhVC,zUjFCWqrLG,customer,,
C-86dce08b-cf94-43ac-b788-d5afd9bcaffa,wUbcnyub,XYOZwsHxKU,customer,,
C-81de4fce-1e3f-4c42-a172-bcc83553917d,ysCmtJoh,OHNAlpeFwP,customer,,
C-206335ee-be92-45bc-95dc-7eebdd72b7d4,zXnGuijH,mUrXBIfKre,customer,,
C-a1dbf9e5-f81f-4dba-8b77-8c4f0f99ba87,zgdUQKZW,BGpRCPEVQY,customer,,
C-5bfa5132-3495-4bd6-a35e-a222e57ac5f2,sKWDKLtu,hidlhfnTdV,customer,,
C-c0e19ad2-670b-4a07-a586-229f57cbc777,snSNyvse,fXNpLDWrTQ,customer,,
C-58936a8c-980e-4f9a-90ab-6c85fccf1f76,IBiDjfUT,rjASQvTixv,customer,,
C-838c0fe5-7b01-41a5-80a1-99d98d497f71,ILBQaaQq,nOXmGluNqK,customer,,
C-9e7a4ad5-f76d-4f97-bd89-22e3a5d9d251,NWBuvVdm,PauUsusdOb,customer,,
C-0d57e955-0ce8-4554-a1dc-c30c95ce8d35,cFJTWNgX,noVBTwLSHp,customer,,
C-999b6cda-19b3-4fdb-b97d-4030b3951a04,RkKKjkQh,rgzvFxuBQU,customer,,
C-c78ff272-4849-4da6-9daa-95622d6466d9,zBBfBXxZ,eqofiGTdcn,customer,,
C-c11b6690-0091-4282-9f1b-9c7c00cc3e49,bBGgfIYK,fVTIyRBUYV,customer,,
C-f137a388-8c52-4adf-8d38-2d1562bcff6a,MSjoUVBp,lOjztUpdfA,customer,,
C-e6b19237-3cdb-440b-9533-ccf761b1c56e,CvefUafR,FPGwrYLYKL,customer,,
C-07f66642-27a2-4cd4-9382-ada3c75c8d20,DOFsLrRE,EOSeoTdCXt,customer,,
C-9747c33f-c2ca-4011-ab05-66b08b7bd7e7,FpZtlaMm,HzArieudUI,customer,,
C-4b77f620-374f-4335-9d3b-a3758742846e,hVdNxkGE,nESDoYjYMm,customer,,
C-bb6021b2-f5e6-4655-bf4e-fb21d596f92d,fwitkqIS,pnnreQIeYM,customer,,
C-6de1fe32-f61a-42ca-8ac3-84b7c3a24d91,YisioXjE,agjiVaISRd,customer,,
C-749a7309-ae8e-4c7e-a43a-5ac45981762e,XBqqpqzs,PwdjEjVCnN,customer,,
C-872650cc-f661-48bd-ab70-5754803262c8,QKOCbnjz,nrYuDGCyjm,customer,,
C-6f1d59a9-8a98-4a7f-a0d5-18378ada6c0c,HhImjhcp,mOncGDYSHA,customer,,
C-28affc4f-a7a3-46c4-af30-62d342746082,IRzkTWrp,iDenRqsxux,customer,,
C-cb9652f6-7db1-45b5-87dd-ed93c8ff2cf5,ftdpHILO,GvAvvyTBKe,customer,,
C-4e9a4ce7-8d40-41ca-8c86-645a0328687c,mVThIDFL,xBBmnffufp,customer,,
C-ef895b39-db50-4597-9cf2-613c0d19ae95,TVDaBMOL,kbYbmwqmvc,customer,,
C-7f2fdf1f-c7a3-46e7-8f1e-1bfdf6ea7dbf,KgNLcCBj,tlgZvdNxmj,customer,,
C-02ef4a99-74e0-45b8-9527-d3173baeccb5,PitWKtSA,FoSZjWEXVh,customer,,
C-1ab54f2d-917e-44f2-8469-5a9cc75accd8,SAJevzwM,NvAJeibyiG,customer,,
C-5dab00c1-0e41-4c26-9ed9-e1f60d809f54,oiAFsOWo,JuKGvaQTsD,customer,,
C-957d91bf-7fda-457e-a2cf-e30b50346669,VcNKLpya,tREaqAWvPM,customer,,
C-a4e68791-d319-4b1d-8a9e-19d43cf7618d,cJjZvHQV,bKDLTuDXdh,customer,,
C-3d956159-52ea-4a73-be07-dbd9c6509ad5,Vweextcx,RBiQzGvRXa,customer,,
C-b053b89c-b93b-4545-ad41-9117c36d72e4,VzRKDJJR,fCThVDXeKy,customer,,
C-6fa67182-9c0f-479f-b5bc-7c5790351b7f,ksmhDgbU,ZnRrAhaYTH,customer,,
C-71a6db97-5a29-4d1d-b94c-1281d6367ddf,CFEwcqxI,cdcjhKAnQw,customer,,
C-dafefd2a-8b08-4348-a6a0-1f063dedd413,AVMWporL,qIyMorDtHt,customer,,
C-7f136ff1-07e2-4ec0-807c-3c09aa241b2b,LMBrSulj,HYAlLmLMmE,customer,,
C-4269063b-8405-4943-8762-bba5b39a1109,SjpPjFHU,zACIJAxhoI,customer,,
C-8935d040-4cf4-4f9f-b752-a10f558ee56c,sAdZwUCk,vJButlyYCT,customer,,
C-62146a8a-b884-4ca6-962c-82a57d7bfa67,NGZngBGK,DCpIvTdfMR,customer,,
C-20acbf84-1d7a-46ea-a58c-d4c650bb72be,CbMoYQqc,psYyaUVhRD,customer,,
C-2277bfcd-2817-47ed-9a67-e61542c9cdc2,venijywy,xSjYrgVuYv,customer,,
C-a2078687-8e79-43de-a579-6e068b24b677,SmATeXUD,mJURqaNhll,customer,,
C-b5fbc7ed-fc6f-42d6-9405-aeaea5d5aa15,qCIKxccg,hFLfaefAZr,customer,,
C-a9992118-be8d-434c-9769-4dfaa99f6ed7,XLmfABUZ,gWuygYySiL,customer,,
C-df3e6e9d-9f39-4890-a02a-9faa3f4abf46,CHhOQMQD,QPgiwGPHkU,customer,,
C-3d06ba39-482d-4b89-a90e-f9f9fe3f01c5,PJUcGRIX,vjNrgqobmv,customer,,
C-e6fae174-0244-4fad-a86e-c3f508fb09ac,ZqqvTnoI,HgTGBSMuqS,customer,,
C-612b9d64-1da7-4923-9fe8-60b66a38482c,jszsBnus,GNCrWSDOHm,customer,,
C-b01c9824-8eec-49a5-92b8-208d0b92d251,FgOlLTAN,WZtjObBymF,customer,,
C-2a862f84-2306-4582-b5eb-7bb23d177959,xRutoHHj,tPEfEgHSEL,customer,,
C-cb0b7ca5-6f80-4881-bc20-414772709d52,pSshpuSU,ihcKUQOnNi,customer,,
C-92cfbee4-8e6c-4aee-a47d-5dede150bae2,zGvRFyel,NanKHVXUUi,customer,,
C-f65ebf52-993c-42c3-8f4f-d1b75610434b,KMYgJkHV,MEiBYBVSlR,customer,,
C-cf6c8842-b7cc-4736-a900-2c3321360bec,llpWwZEa,MVVzzUHwPG,customer,,
C-44337582-fdd8-4de6-b71d-f28dcc4d0fbf,kImddnZD,nIVtoynvQd,customer,,
C-20d3f87b-6234-430c-95e2-9ca0f99f331e,arTwMkAV,vOQwyAXtdL,customer,,
C-c6b634e8-e285-4fa5-9add-02f60cbb2c27,wYAOviVB,uoiDPMENYV,customer,,
C-0f155fb4-ac2f-4ce1-955f-a75d60720ae6,kxBrKnuf,VlBotFBkcP,customer,,
C-845745b1-3882-48d0-9e31-c43b2ab1ff27,GOsMwUwE,FKAtJQKGAi,customer,,
C-ecb481a8-e219-4aa8-876c-c76a41094fc3,vmghyvlm,WBNuJuEQed,customer,,
C-b4da99f8-5ce7-4f98-aa88-f859083ff3f4,EyuFGesn,QsTfTDgSuq,customer,,
C-97433752-7dbf-49da-853e-49c47d9c82cd,ZMqowKhS,tOQzRgKzGh,customer,,
C-048e58de-68ca-4c42-9195-d935f08ea231,kLPigpFP,cdkzmAwKGO,customer,,
C-3137cb51-db63-4a5c-8ae2-78608ece27a0,czcLGwnu,msXNziqFmN,customer,,
C-a37d83e2-86ae-48c6-bb63-565274feb86e,kVYUxBbC,nymqgZoVSt,customer,,
C-95b8b7ab-ecf5-4383-ac22-9f25b7ddd0b2,bMffnopy,kCDgLtOQzh,customer,,
C-54fe5114-f19f-4e3e-91a0-8d0f3a12edfd,dQcEnwWt,ONnrCaKDRC,customer,,
C-60106b97-ad8b-4750-b6ae-de963dab5952,ldfXPDIY,WJcRWvwpZa,customer,,
C-0e836161-de73-4383-b54a-860773c6edad,OlsBcVHk,zicaROlglp,customer,,
C-5dd5a0fa-27cb-4d65-98d4-32cb3810a08a,BVEBNexR,mtuPhyWtgs,customer,,
C-55d84fba-6a2d-4b32-a0d1-72e412baf0a3,MrJafLlQ,HFQaBQexUB,customer,,
C-b7d98734-595c-40ea-8826-76ed6e613bd9,uNJKaPDp,WFytdiNEPh,customer,,
C-88f396dd-2489-4765-b0a0-cdc0b6f1bfd0,GMdceAgv,BsuHXtNVkX,customer,,
C-d10b45b6-9228-4097-bbbb-8ff27bfd8262,EdnohmbW,HLgUjShdFd,customer,,
C-c64e53ab-dc52-40dc-b055-cff54a71953d,pvkVyFku,lOAgmTyEGt,customer,,
C-2bb6ae05-5109-408a-837d-5c56c888224b,xbhJXsJm,HGBttWkNRG,customer,,
C-b93831e4-f166-4526-98fc-cc40ed9a0a06,MMLbJNDH,ceKzZgDqIr,customer,,
C-44e80141-3f05-4029-b59d-e299018db4d9,fZABTVPx,mewPrFhqSR,customer,,
C-60eab2b6-94ec-42d9-a4c8-ad63dac2bb91,LEgYIZXl,AwaLyNVbAe,customer,,
C-ab9012ff-4811-41bd-8385-cd2db3d43711,fWYYMiOE,HPccdBLDOn,customer,,
C-8c08e57d-1bb3-4264-aa35-f9e7ee1b7d6f,SeOjduKv,hagKMColDg,customer,,
C-5eef3a45-df31-4d05-8cea-90446b3351bb,tssnTIfg,JpHRZQPXFj,customer,,
C-1e9bcd6b-3ac7-4f84-aa9c-c0abb26d6fee,rtVCstDP,ZlzQjHnxNt,customer,,
C-0a0a88fa-1fdf-427d-aa1d-3103eeb13091,dYeCylLk,cQogYpLyzo,customer,,
C-980d2e31-de51-4143-bd66-d8c227eb6e72,ARMXcQhZ,RPBuagyNaW,customer,,
C-3177a3a3-8ce9-4268-911c-5c24e95332bb,izmzLPmv,ZfAgtVWQfe,customer,,
C-422e52e5-0069-48bf-9171-8c3822f1ab90,blpsbcWn,QqFCUInPAj,customer,,
C-514199ff-0352-4ba4-8619-0dc5f0146807,qPcrPAwV,UCpWZnfGTS,customer,,
C-3ce77c9c-c835-4296-865d-62c46da91b80,LrHAtNai,GbLiMbGeYH,customer,,
C-097b69b1-d3c7-40fa-ba78-922b732ee0e1,HbYAVNRM,RddjwNEkNP,customer,,
C-966b50bf-1488-4d39-bec4-20bdfcfbf370,AXTknFZI,ZLlCUrIivY,customer,,
C-23e52404-a987-4932-84a6-a70f193c507c,kBTRXLIK,fkzRyTggrP,customer,,
C-e8b70e21-b8b2-430d-9a5d-df04913e340b,yjfhPIjP,wcAfVjzURi,customer,,
C-2eea4b19-bada-4292-860f-e8877a100d99,EWletefy,UdgNhofoKU,customer,,
C-f2efec73-b2e0-4c83-825d-141687176139,GeKFtwOR,ujMYfuLCoM,customer,,
C-01e4f34f-61d9-453e-8210-31c675f19f22,uCJQjrDc,ODbPlTKMIA,customer,,
C-4ed3c410-330a-436d-acfc-5f669fdd4083,iyYIGelz,hyHMInlxSa,customer,,
C-cbc3a4ff-738a-4ae0-a9c5-fec2670ec4be,FIhfjkhK,iFCYEKKiag,customer,,
C-4752b080-2b4b-44c5-aed1-af3b949f6c78,QCxyuuzN,bYzQiaylak,customer,,
C-ecaebf7f-44f6-4cf5-95dc-81061d1b4343,BLTzexeY,dXydwgsjJE,customer,,
C-9a9b872e-6df8-4b28-9652-6f2e9b84ed64,xYrZZfSv,mAnCqJXDMO,customer,,
C-9f686418-5a0b-46cb-add2-d82a1a6152e9,iHXhYpUa,dcAEUSuZpL,customer,,
C-4eb3148a-c611-427c-9eb3-3ce89286cb41,QijATPJW,wXIoQFejEI,customer,,
C-53738a7d-9a33-48fb-a274-3756640d350b,fhEzxHxN,EkHKWZTYcw,customer,,
C-4ebcf702-c03e-43a8-a92b-7ce0eaaf3f59,uNODFIAV,sfmquALYpD,customer,,
C-6c2151ad-a009-4f60-ba9b-dae44161f949,EcnuShIy,pGBwZeTIAH,customer,,
C-15b3ef18-0755-4b1a-a7dc-130f17e82cbb,zYPRfMMB,yBYOjPsIBS,customer,,
C-7b850ddb-f451-484a-877d-f83480b10832,QearLMAp,YnPiuTJESq,customer,,
C-0b4bbf75-3aa6-4bc9-952a-73c060669d7a,HWXjmAPL,TbWGqrAJLZ,customer,,
C-ba8b2295-d6ac-4fb4-bc10-b956027ad230,mxJJBOpZ,zlmDeWKQub,customer,,
C-118e0676-ae75-4ac7-9274-baabc6312a68,bBKvUyCB,iEUKOSdiqd,customer,,
C-90536458-8129-457b-bafa-6f45b92824bd,Tebarmdz,AiWQtTaMAY,customer,,
C-a4c3a1d3-6110-4180-bb05-04e6c4e3abb5,xvsafDkF,zhmYKUwywQ,customer,,
C-df267229-2ae8-4ffd-b7df-716fd7608d5a,kyxadLvu,WPaVhiEDSP,customer,,
C-2fa25b73-02bd-4daf-8d83-35413df1dd75,GVNAmqre,sLBZAfcTkY,customer,,
C-1f6c28b4-3331-4791-87be-f21ed738b322,mKFZbOeR,YDxBNhyePE,customer,,
C-44aa98c1-93f1-4780-9edb-f5ee39f4c4db,OPYMcoji,DBaBMhHfRx,customer,,
C-3d0031d1-cc79-4abf-a0f0-7763b9994469,pelYNvqa,CRsQbSXJBj,customer,,
C-9871fcb9-20d5-4381-ae7b-e9f975d3fe98,UNeQSkbd,DNqkrxThYZ,customer,,
C-6423e0c5-d53f-40c9-a0f9-b38d94b3bd68,LXKBkHbe,qyDwTSsvNx,customer,,
C-5732506c-8d96-419a-9de8-93372191b899,qvPyrBSQ,hOTKquxKNy,customer,,
C-2eaf3c86-efd1-4936-bf65-3f6497c660c5,YkCkEhdk,tPXQPEvlEQ,customer,,
C-7a56157d-70bc-4447-8bd6-6b7ac655e941,zorcpuAU,GJbPsnaiyw,customer,,
C-f10c9eb7-34d6-400f-80d8-f89ff2640b16,PtbMfGmn,QLAbysOsBK,customer,,
C-0223163d-f93b-43ce-82b3-0b64435bc71c,WoaefXvS,aDMuTlHqZe,customer,,
C-30067165-0812-4e8b-8635-017eb2b4b80b,ipFfAKic,qpEkLmnLIH,customer,,
C-7ed541e8-51d6-41fa-8f98-aa457761276a,jeokFIlT,EdPQGYcniv,customer,,
C-5b518ba2-e0c8-4032-97f2-4a73682e6f77,vnCFieIe,nONbgwKbOD,customer,,
C-5720ccb2-59c0-4bc7-9757-53fedb9bc372,QelNkpuW,iUgObdRqwz,customer,,
C-cca0f6bf-1e11-4bc2-81da-197e7dec90cd,yHZlHYfo,NtdvlPREjr,customer,,
C-9aa715bb-f8a3-44b8-a701-f4138b8af0c0,pJQtGTyx,JvpwVSezEJ,customer,,
C-6afb768c-0a3b-4cd2-8b10-40c1f309b05f,mTIYzvQO,WvlgENQRUG,customer,,
C-b2887998-7f6f-478e-8261-0c4b5fdfcfff,RuJfmfaM,ZaUwymXzkR,customer,,
C-302e544d-7775-46d4-a89f-0316a08b36f2,CkaATJoa,qvbMrRflmU,customer,,
C-9fba7cf3-10a5-4909-8de1-404963829272,VWdCBWMC,lhpPbKirNR,customer,,
C-590e4aee-7c50-40ac-a3a7-dfadfd7b0143,XdssdPzj,aEMPHqsRBr,customer,,
C-1ff1fbe2-7525-4976-8898-779e3a721347,pBhAbhgU,fJVdwBaQlG,customer,,
C-633e0046-a39d-400f-bc82-b68f3a368642,OuyJdwee,pTllgModiJ,customer,,
C-a6270dd2-8de0-4a5a-bb86-4af2a8570f65,vxysMPYC,IfOcPlgWnd,customer,,
C-e091e746-32b8-430c-aa35-987e50c367bd,DounXocm,CGKSRNXrAt,customer,,
C-047ca826-c000-4d67-b97b-ac2c1a14b489,hCGPLlRC,pElIKyIiDD,customer,,
C-5e254470-f96d-4abe-a504-7d0142a0e7a5,pqhDXwsI,rtLCwmeAWD,customer,,
C-d0cb0b89-9b07-44ad-8f54-5e6a10ae6d85,xEBBfodp,QarmQByzTx,customer,,
C-20f5cb1f-1f80-43ca-92dd-cc4f972a05be,nqLVrshk,UAbhbjFHyQ,customer,,
C-86b33613-d6de-4677-9410-e93a20900be0,MHzslCqm,HEJcpSVVME,customer,,
C-58e8f7f4-8c51-4aaf-b514-1a81736bdb4f,PTBmTMSh,kTFxyPbJBg,customer,,
C-db4ea660-ae9d-44a5-9c25-56b6e1c28431,qewqOUfo,tIbMXBHfzA,customer,,
C-3b9e24a7-b8db-4d77-9e32-57c4aa792c53,YliVpfyg,YrHwdUEHGd,customer,,
C-914cec7d-4a5f-495c-b695-b17f4ae029c6,haeHXncH,pgoeZFDVgU,customer,,
C-4fb8bf7c-0f81-4294-868d-add75b7f91b8,QveIBCuL,XtLrtLmptF,customer,,
C-2218295e-0b88-4340-ab2b-c510fc8b7bdd,ndfRicpU,ZQOnrFUAEF,customer,,
C-5c269902-c98c-4650-909e-5124a5dc32e2,eQOvtGoB,wTEKFGemYS,customer,,
C-f3f2740e-8a75-4c23-82a9-c102aa05b66e,HsRAaCws,WxqLTonYBV,customer,,
C-68f84d27-f2e3-4061-b204-996bd1ac2b0e,MotOlzzr,zLOvLKKjPk,customer,,
C-d99006fb-25ed-4b30-99ee-8d30f614ec1b,CWXzjPxM,RpeYdqxuwQ,customer,,
C-e8371198-af1c-4633-a81a-dc89753ef70e,zNuLAXnP,ZwpnPvnkbE,customer,,
C-0d45edc1-dcdf-4da1-a9a5-526a6feb6439,NLsZiecs,lbewMdgxYw,customer,,
C-63fb2db8-3364-4ba6-a61a-36f8996eae48,wRCFWJWy,YAMKhBqdmS,customer,,
C-51593446-4d36-4e4e-a12b-decebbf89cb4,dWhIXBaF,KJCaxZbDYj,customer,,
C-e2600498-c8f5-4559-823e-5c49f3536c5e,ILNQeDNl,xVddyDKhBv,customer,,
C-a1aba9d6-43ed-40cf-8c33-d86f6bb646b6,vuHehjVi,RJtxtezHof,customer,,
C-1913be5e-a621-41db-a926-1e7cecd4bd22,kSXNIkzf,pHFJzVsujJ,customer,,
C-c6aafb1b-ba4d-43f8-ad1c-bf5a0c1a097b,FtvBvTml,GBUUrPlqmI,customer,,
C-a56a92a4-339b-4242-b17f-e7443a35b5e1,fGFojyen,DdvAyPLMEY,customer,,
C-59e7e986-2c4e-44bc-9bda-e2bac5a293f6,OkeSjunI,ctmSGFpnYc,customer,,
C-fb2f2d14-6fe5-4f34-89f1-68e875f86c76,IYIhqDfo,WwgyMmLBZY,customer,,
C-191ae31a-7e4b-4da8-a95c-486736c96a6c,bhBTbRvC,rcBGSbWNkG,customer,,
C-ae1c9e61-d657-41db-8aaa-8b3d8ed96185,VXsecqNS,rsakaCRWJS,customer,,
C-5750f1b6-3c4e-46b4-b06c-85688baa0f68,covWmXVk,wEYqTwYIJv,customer,,
C-7ec291dd-3a6f-4f1f-8d5f-e9e7742b87e9,ciGtYTDf,EPLrxUSvYu,customer,,
C-88ea03f0-d42c-44a1-b71e-9b90f0d57f3f,bqZonhkq,UsjaUafBYG,customer,,
C-55d22b16-488c-4863-8f88-8a6a7278af53,sMWDQyxr,STvPvvnbeE,customer,,
C-e39fbaf2-02ca-479e-974d-e13a6b0ba8f8,GwyUBwio,jXSZxXyRUc,customer,,
C-59adbe06-ff00-4360-8342-9398b5f8504e,QCKuFdKX,czuQdkBvOX,customer,,
C-f5836518-394a-4092-8305-c4af6cd7eaaf,FjxuZlDY,inoVnWxGZa,customer,,
C-fcb68ec5-1596-4489-8f62-a7af8dcee544,gYqPYGGc,lJhiywjOtt,customer,,
C-03eda22b-e286-4fca-ab2b-5a10f1b5dc78,HyjDtZFQ,aXTUAUXObe,customer,,
C-2f8e52d9-9305-42ea-99de-b5b203351ec6,xFkPVQpd,ZYCfEBcHIU,customer,,
C-f8c69ea0-ecbd-4f1f-8a9a-ddd596fa1dcb,UzPhkvyu,hynlllyLOW,customer,,
C-30a45fc7-e1ee-4115-ba09-080e886d4d49,sOEuVyDs,mEUOiJbSJT,customer,,
C-4accd620-9111-4146-a252-e0af09dcc3c6,EwtJczAI,pLNAfzQIzO,customer,,
C-dd805870-f8de-4d3f-8ab2-3bb2cb4e3c1b,PSiORlzw,EpsBzzBiqw,customer,,
C-a1517bcd-a474-438c-8caf-1d30892aea3f,DwDZDjRy,JjsBqPvcwW,customer,,
C-31a31fe4-22fa-44ed-866f-7b2660e2b4c3,jShxhSQT,bGjbeqbhXV,customer,,
C-c6b14e18-ac2c-4173-ab43-44cce6973193,YwsyEIvT,ZiMBPsnxtu,customer,,
C-fcbd98ac-ebb3-4cea-af2f-0105b63a752a,Hwkrdhpu,SffnetYNtp,customer,,
C-4511d61f-d20f-4440-bee7-9f61c27ea9a4,fPkNpKPb,TRsYwKuqnm,customer,,
C-40537692-da87-4559-9eac-18462fa1bcf5,GeUEPZGk,qxVsjeiYPq,customer,,
C-3da6ca90-713c-4b91-b0b9-d8b270e939a5,nRTCdJIL,sFUrufXqwm,customer,,
C-863874db-a664-4f58-9432-9fc04b120b75,GUzMkRNi,YdQWhpJfiH,customer,,
C-44d79a11-dfa0-4c8c-bbbb-c3c3a260da84,xoRAHbdr,iOeeHJSqRv,customer,,
C-5856d59e-cafe-45c4-ac05-7f5a8f0f52ff,VKTzJLAo,qyuaaLJVks,customer,,
C-a669b531-a905-4163-b4a2-6b89a6b54ba4,MuyDFVVS,KpAJaPYRdD,customer,,
C-73dad70c-a9fc-4a14-9532-a2db8a236f24,tELqSDxH,qIZdfFaCmn,customer,,
C-6754e43c-fe74-44bb-bed9-5704a9775367,GympQBhU,nsHnJfvBpO,customer,,
C-eddaee81-bd0c-46a3-9029-9c993aab3d29,PzjZJLir,jrTtMsktva,customer,,
C-e54d6d68-bc8a-425b-8f44-4d4231a0785b,kjKIbzLi,qTwvgcMwEf,customer,,
C-385f7402-2e1e-4387-bb88-39193a055c5f,XPtnSGde,LgImuOQKAC,customer,,
C-79b520d3-aa29-4399-9312-de429e675274,qNzALvPX,EsMxEHjivF,customer,,
C-8d78ac7f-12a5-40a4-9b13-1dbc55a893e6,HjyGlSrE,PbkhbxGCQQ,customer,,
C-711f0dcb-b20a-4b65-8d05-708b09f09e6d,WDJqocYp,AzvbKKOPwf,customer,,
C-b95c58c6-3a44-49d9-a4c5-89cd07092de0,sdbuKCpz,bhyYZfWUTI,customer,,
C-c3623d61-7027-4f26-ac47-1a97c103f1d6,aYVcjLhp,eICcIkKxJu,customer,,
C-72583b32-5625-4b49-8c62-91b07740b328,PCviJcqi,DjBopxsDZH,customer,,
C-8d1c79c4-28b1-473b-877b-158e369af2af,sjVECviD,ihBYkUjvAJ,customer,,
C-ac5b0cfb-9c2b-4bba-819e-a1d3f6f675c1,sMqPtJNf,jUAUQhXxBX,customer,,
C-90e20c36-fce1-474d-86e8-0a870a62dc9f,qwTftcSF,POOGKrkQOK,customer,,
C-c9848b2e-087c-4dc2-a3e0-3c7e8ddd824f,McSvHueC,uGAYwgUTnJ,customer,,
C-388396da-d7e4-489a-8e60-ddd7151ef6a8,dQEoscJa,iCQzcgaDIg,customer,,
C-b0c851ca-85ed-4e20-93a4-a005e3aff479,NbWpkACR,KUzYSCRgsF,customer,,
C-71c8e52a-924e-420b-8ec9-bc13afefce77,JjFRfFLm,NAyYRDdmog,customer,,
C-8b690aae-2e2c-4d22-ba22-f58c6cfdd9b9,bkQivUZu,YpYMbeekUI,customer,,
C-f3e00d0b-b47d-471b-8f3f-973d81ca650c,ObmVYycp,OHPsBgBFdc,customer,,
C-a82c5bfe-1f8f-487c-a00f-d3ffb5d235c3,JPTzLOAf,SsipOJYuUY,customer,,
C-82c19dbd-1e60-4a06-be3a-21509ceebc1d,sAYqmpAY,YpOFknhsCp,customer,,
C-f7d48aa5-f034-4a5f-bf2e-c965f4ccc877,jECUkOAE,HpPUpFhmwb,customer,,
C-f712bef6-ae44-4cc5-bfe5-73c3b40ee02c,LbnTVrVf,yyXSRNkpWJ,customer,,
C-c749527f-b5a0-4273-8eba-83a70b950de7,bZzWpXcs,DGUYwnkDle,customer,,
C-d9528e27-7e52-4ed7-9049-5139b7361c08,KDrezwSk,xupoUjGUbk,customer,,
C-fbef0c44-4b25-48c3-93e9-67ae22e3132b,EeeDkSsR,TiFyMTCyma,customer,,
C-9bf9ffe2-d871-455d-9733-1bfc24ea7576,tkLhYTjI,MpcxVkxFCb,customer,,
C-ae43fb9c-9027-4049-b086-bb584893a5f1,xLBsIoqk,ytFNQJGnKi,customer,,
C-26f4cb7d-6a5d-4f74-b5d9-04335258737d,kOMaEirh,FGjoQifuhk,customer,,
C-0c6dfe5b-96e9-41dc-8c9e-17aa6f416dc8,gdguFLbC,aYMKIddnkv,customer,,
C-67c2415e-54d2-490c-81dc-b68ffcfe6872,qounxwPJ,FEPFAaTSWg,customer,,
C-63ff57e8-88bb-4228-a84f-c4c6a0057662,eGoqiHAw,fChdKsPoYG,customer,,
C-fbe87dba-7a35-407f-92e4-962338875c9c,EoUnypaI,JCDxdqGnnn,customer,,
C-76a2e9b9-2a3c-43dd-bbf9-ef600222334b,JRQnqiSc,LMeBAWfWVc,customer,,
C-b6f2acb3-2295-40cf-9857-4e6467f378ce,SQbAxgOG,EhuoXOZjRY,customer,,
C-7277482e-434b-45e4-a640-7cef11526fca,lVTZIDhK,raYmCAKtyX,customer,,
C-cac68623-d2be-487c-a965-add0c9a68fed,LjteFALB,GnvIxzjZtq,customer,,
C-6d19903b-98f8-42c5-a176-8ca67e120220,qQRFDxmh,duUOSwSJxO,customer,,
C-24c4acfd-c5fe-4b40-94d1-9f37ceb6f9d5,RotqXNJO,NyoOrtivAu,customer,,
C-31c74c33-750f-499f-a114-66701fde8370,wElTtDKN,kMogmKxXAS,customer,,
C-a54e5802-2f37-4a02-b2ec-083ead5300cb,YcMmJpih,UzMWGrxIgx,customer,,
C-880e23c2-c4fd-48e9-bd36-1ec56c923cdf,hRbdEAvG,rMbIoOJUck,customer,,
C-a07e1175-c333-4d78-9a77-adb2b3456d08,eZmGdVrx,XnwrjEyydJ,customer,,
C-5a1d13b3-5622-49e9-b117-1ba432326c16,qJWylxrK,PvGpdzPQvm,customer,,
C-41ffec6f-0013-4470-8840-5cb782ae18e0,kXJXlLux,huousabrVc,customer,,
C-f25da9fb-b139-4d33-85bc-ab51eca9211b,XIJHeGZx,fBteaGcckx,customer,,
C-c6d53673-65c8-41b5-be79-71df049fa68e,KqtAOlGx,bovcAtZBqW,customer,,
C-bf92c14c-4018-400b-9d82-167832209c3d,YBmxUAed,nLDDRInHUh,customer,,
C-cf301801-0df0-4608-9998-d7002e0d990e,SDoqgcIN,dkgvJTPQjF,customer,,
C-88d882eb-40be-4360-b917-66dae4edbfe7,GYOscPWn,XfsGgbCMbf,customer,,
C-a375f301-bd23-4f74-99ff-247dced21d26,EgThvTsr,hGNlMxfSLi,customer,,
C-82846e67-101f-488d-8490-7f24dcad3863,QiDmGCpi,DSGjFpydeN,customer,,
C-ad6a1f55-4480-4566-86be-3f34533a58aa,GYWLiMSa,RKLojkoTOB,customer,,
C-028e635f-012a-4524-81e8-350b4f27a6e6,TmKJMcUr,TOdcAUNQpK,customer,,
C-537805a9-b80b-4710-be0a-b369f9ef226f,RaPCiPtn,GVDnoeGONV,customer,,
C-064e996c-e912-4fb0-919b-7502be7630a7,uMTdqGyH,eNwQjGZuaW,customer,,
C-bc5bfcd3-b799-4af1-9c4a-0865109ed683,WzeioiET,KKkFZEpKlC,customer,,
C-4cb2ce94-40b8-409b-813a-c0f472d6e986,EdQyaHfh,anjwbJGtDB,customer,,
C-b89379e8-00e3-4778-99d7-26ac6d400445,btpLSiSx,ANjCaGSXJu,customer,,
C-e3449e4e-912e-4771-8b54-6146f878080d,BgXZGVub,iROjcXtLdF,customer,,
C-299857a5-4582-4cc5-9d9d-7ba3f24d1555,BjxMlPYO,tsaDMoEELn,customer,,
C-4e1fb6f0-a336-45a9-b61d-25858c63737b,OIZdjlFs,fnAqzZuIxT,customer,,
C-203934d8-660e-4de5-b284-5722b22613f4,qYiUmtsB,RxjfigspjH,customer,,
C-fe11f2e1-7aa3-4b45-953b-0b8806113f20,sUlFnDWY,DwdAeftBgQ,customer,,
C-90b86db5-218d-47aa-b218-5cef546cc08c,qUvVkKLA,dvwKdjGbFe,customer,,
C-c9d7de25-a8f1-47e7-a80c-22230aefbca2,CYtlOQbf,uKwxRpCvBA,customer,,
C-91418b17-f3b7-4f74-84eb-2947d08aea40,ZmmNtOUD,EAqVxmYezy,customer,,
C-a575780e-0480-46f2-9d49-cb0401b7396c,dFCmvNFM,cpRiZJGkwo,customer,,
C-089e8c93-5a3e-4e14-87df-462119b8ad90,FwvWcdJm,XIJLoHegLY,customer,,
C-b78d1df7-f88f-441a-9b5b-88bff9887d98,euqXKFXJ,darotzDlzl,customer,,
C-90337771-5ccf-42d2-8b08-aafbb35dc868,oYTKvYfI,mWlchjlNFi,customer,,
C-1b626b25-7c4b-4011-a8e4-eb4545e25568,MEDGVyEb,RvebSxnXie,customer,,
C-feb8a794-111c-40aa-8691-d89d438ac70f,pHMyYrDD,aRdZLYbcSW,customer,,
C-7957f9cd-3f6b-4c40-9e17-331c1a4ab0dd,HicwBEnB,FKuWZkUEjM,customer,,
C-bba47519-8b9f-403a-90ff-bc8407d1c1d2,GhZqwctU,qujIKHjTYA,customer,,
C-5210571a-6b86-477d-bae5-52882d54dd29,RnfbSPmS,VIjpYOEQgx,customer,,
C-0be34cc1-d857-4660-a87d-b95134e39c54,fUrhPcTv,lBrmGqjnXo,customer,,
C-d20b925c-cf19-4605-9331-2d5a53a7eff5,ytfZtbAb,BXMcQyURiU,customer,,
C-84d2f78a-72bb-4cbf-9205-ed79ae620dc3,xkiwGoGK,qePlritLaH,customer,,
C-46aba8c8-47db-4792-aa05-4eb5d4e7a4e4,pkUvdrGD,uyUdJQliTZ,customer,,
C-2a100b3f-596d-4375-9615-8600f81c17f0,vWZamOhz,gyGraWCjmC,customer,,
C-f998b30a-6cee-4cfb-8812-ea9a6cfb9289,bNVhEegB,vZvbdVBcNO,customer,,
C-e5f9a332-0d84-4eff-bbeb-bbfe89334cf8,JqJQpMwj,QFWJGohZop,customer,,
C-acfd3659-9742-4a02-a404-c7664f44eddf,JAJWYfFK,sfDuDOvQIm,customer,,
C-99726814-0ef0-4024-b3e2-3ef9a90a8820,AsAkfxfV,YVpchIHfoh,customer,,
C-70a83fd0-c5e3-45dd-a0b4-b8804a970f8a,XllxnoYc,TNlMDKeVvb,customer,,
C-87fd42ae-43ef-4f89-8da1-ace841738695,NKLRLbvg,ZWeFaZBBdZ,customer,,
C-47f909c6-0295-4fab-bd54-338808292abe,BAIqkudI,xoOcyCvceg,customer,,
C-79bf6529-9b5c-44b3-b887-52f209c749bb,srKApKpr,RuPwHJFmxz,customer,,
C-48ad6f3e-d512-4f6c-9905-ba7a501343a2,gNaxmlqh,FISnFQliWs,customer,,
C-4492f375-8632-4790-8734-2c88a219173f,fDJESHkw,nTHfuxPyrp,customer,,
C-3c571156-1241-4949-8736-048ccd5b0834,TEdgqizR,jqMLjqYxBv,customer,,
C-19d06fd5-1390-4ee8-bacb-00f26d04a40e,pwvghzbI,bFbcNGOKbe,customer,,
C-06b21f8f-7843-4d49-a8a8-44cfcde85e15,BpLhCpNB,WYwWLhWSCY,customer,,
C-f68f9fa0-c144-490a-b429-8ca70d8dfb55,PQPteJvQ,xjwMbKZPQV,customer,,
C-19837b22-4acd-4ecb-bbe2-a4ee815b3fd0,XTSUGNEv,wuSefHtMEN,customer,,
C-3e3da105-6a35-4205-9e98-b26224bda453,eoxXHEAB,HbIennmyHe,customer,,
C-23d00f42-0745-410e-8cd5-74247d0f64ef,WfxcoqSD,KqrzCKKAnh,customer,,
C-28cc9296-3dc9-4bf3-8949-78458d5874f8,pPaKZqcb,OfNbeLyxsI,customer,,
C-f5546951-b57b-4f7e-8e36-44b51ea1b722,XHErgodF,yDIVfrUDbQ,customer,,
C-9e2c4ecf-bc53-444d-b1ed-ed3f8f019f37,WeDoaMvC,ItlOqsVKVG,customer,,
C-fd1f448b-b9e5-4748-a750-4a751d602d86,HsrcsRhW,TzBGegigax,customer,,
C-bf8c405c-1673-42f8-aed4-10a5a9989dc2,VPysYdPT,bSCZohoaPQ,customer,,
C-af19fec2-b864-4383-93a4-3f93e95459a1,mlnJgcMa,vRUAMGgeXV,customer,,
C-9f2689af-e988-4d64-9e8f-15ad969917c4,fAXMRvKb,gUoFpDiGFT,customer,,
C-5324e49a-f180-4d47-a9e7-0f990be87ae5,MboVGVpS,iIVhgmtHBp,customer,,
C-44912b3e-174f-4e84-9c88-65c9aa928843,mjMzuiBH,CDzlGhehMx,customer,,
C-b0e5252c-1617-42dc-b244-33bf593134a2,gLQhNWES,sagIsoAUoJ,customer,,
C-61c09bdb-34df-4861-b553-bb757b66105f,sKUjHNlq,yErsiEmzkR,customer,,
C-c5301191-7104-4ae9-8aaf-55ec3da70359,MuUIPNgA,WgVZDwPBcR,customer,,
C-1c5ff341-0b66-46d8-aba5-6b2605af82cf,drnyFJCn,GkkKwOoUMt,customer,,
C-e2d4d179-f89d-4d36-a582-eeb31e033788,vYbNyUht,HQgepWVjjI,customer,,
C-81a0a7b7-8308-468d-899c-e1505c684cfd,fiyqtYEk,wzdojosOkP,customer,,
C-f4d15db1-317d-404b-80cc-e59acea9dd2f,VhPrfdeQ,mxLYcbPIOe,customer,,
C-732cd539-0e96-4b42-8b3a-8e5c1330fd52,dFksgVCC,yQbKpWTuOD,customer,,
C-e1843e35-c5bb-40d8-a3ee-c6235ecadff5,mjaOfVzX,HGaSqgbezl,customer,,
C-55f17789-af84-4067-be29-3e4a522b111c,sEQxwWsT,baerQljXPg,customer,,
C-5619ccb6-50bf-48e5-b36c-594c006df2b7,xAvRNPJO,VSxgarmXtX,customer,,
C-a949da7e-7755-4e15-a839-214059f2c297,yBDtLguB,HGLycxxLUw,customer,,
C-9b5c9085-bc98-4ed2-bf43-42a235e66641,jfVJAzPR,oebJEWOTwa,customer,,
C-3878f8ce-70c5-4dfa-8464-63740c098584,qwPMRjVL,PHaVWarKyS,customer,,
C-35486453-91b2-4c88-a8d6-0043adb505b2,FOgOMZsl,KovkIGsXrh,customer,,
C-96908bd2-63df-49b9-a53b-e80dbd2d0b6f,eDfzNbDC,ssmVPdWasA,customer,,
C-88a4f551-a30a-458f-b623-30a501068e4b,wBmysGdR,pvmcWKfBwi,customer,,
C-0cb5d543-4a54-4385-8d6d-b245942344f8,BaNuXixX,zEVygwJpKc,customer,,
C-311bac8e-2fcb-4393-aaf7-39d4341f3cec,LYpNetBi,tyBknvYTEO,customer,,
C-ac279a49-df45-47db-a1d1-59d17ca35d41,FGHMVuJZ,ZauGbefbDW,customer,,
C-e179a5d1-fe27-4967-8f96-5fca3315f437,lttYFSGq,zeYYsaEIJv,customer,,
C-68cc7037-6599-405a-830e-f741aa410710,jzLwUSYQ,ScfbvOFHaC,customer,,
C-6d46a962-5ab5-4eb1-a612-7328416be26e,aUAUuzKB,YknIvOgbYN,customer,,
C-884cc051-cc45-4c53-949e-e9467cd3da04,TteDhZOV,HtVoQpznvA,customer,,
C-b738bcde-9993-4236-9d6b-aabcd6b142f1,mMsgIVON,JTxtJWWtLt,customer,,
C-931af338-2cc9-462c-9481-534b6b076030,xZEczlTN,KAeLyejBBK,customer,,
C-b7c333b4-fe18-4180-a223-9bd2c604d632,GAAgKJWJ,iAVNCsyDmh,customer,,
C-75dda364-b5dd-4c65-99e6-f99ee85cb63a,cEvMYLJu,NxPsbaSEUw,customer,,
C-a1454f96-d807-46b0-92ef-8a86cb852d5d,WjiYrHJf,WHwPKoSSkS,customer,,
C-6b20d6dc-4bbe-481d-8dee-58a433ba2e11,XXsBNYth,sKLOfCxqsf,customer,,
C-a85ecc9c-66e9-4974-be38-f01e764e3b1c,hLDCTDms,UIBNMflAvo,customer,,
C-6f8015b2-3a1b-4639-b699-5b14a9751213,eTSDjGPp,ZdBczhpKWx,customer,,
C-c85acf39-c61b-49e4-b883-c63b6e735044,nBCgNiYx,MAFbEGCmkR,customer,,
C-3922ac2b-c873-49e5-8aa9-03703f49c98e,tcXFDHtt,PRlwETJxOU,customer,,
C-62f9afdc-0f4c-40d5-ae77-a81a2065287f,zeolSQtY,VComxYlIeL,customer,,
C-7a3a72a1-83e7-435b-85ba-1145226acc88,MlcMejjg,NEwyjrBbMA,customer,,
C-4638e055-8504-4b88-a0c3-f29f41ee6059,TZTRuxQK,fmQnYuQaqh,customer,,
C-a36d0348-4936-4f99-9f1c-8ac5b767974d,xuWkbXiU,vboCtPQlGR,customer,,
C-fcb71b28-f597-460f-890e-2319284d9b2d,sKGOZZcK,dArUTJuGvW,customer,,
C-1e53b85b-f19d-41d9-a279-f50e7b5084c7,UndKcWrN,kMoZhDcvAW,customer,,
C-386db029-195f-4b14-bdf2-827a33087821,vHLiDiKH,GaolHxBtFb,customer,,
C-946fc0ed-3a9e-40e3-a35f-f660e85e1336,IeGuDXHW,ZqauXGEznR,customer,,
C-26c5b292-44ad-4818-8d24-dff12cd438f3,dDblIBok,uQOUZbDrYa,customer,,
C-44af1eee-738b-4414-9d7d-b81f5eafe519,gaZFUoSE,dErnTdHFYz,customer,,
C-bbd7998c-ce1a-408c-8a40-89663b1f7094,uiUxCCMC,ulOUuLLyLi,customer,,
C-e70f663f-a6b5-4708-a7ff-ced46b9b8e2c,URjDxfUf,rUYMbmjSMV,customer,,
C-f03ed860-2b16-41e1-be01-5ea708149854,YOfoRlZL,hqtsRDaFKV,customer,,
C-747216b1-67de-49b8-aa39-9db125892909,hcSHrqYw,JvvXtYpJMt,customer,,
C-50f8b2b3-e54a-43cc-927b-e54e9a3459c3,crylSPwC,VTfkcdvEWH,customer,,
C-9982df1a-0668-4057-a30b-f493c11c16c8,qJRyjgAD,TvTUajRxTS,customer,,
C-35320b4a-ba4c-4278-af63-e56878fe177e,uVsEnEXn,BzNyCWpQnl,customer,,
C-ffc2563a-4b21-4df9-9b38-407ef48822a8,xTrfmLqD,nVyohFSlOY,customer,,
C-442c5236-8bff-4352-bb0c-920745ee5eff,ORRPpCCx,XIEuwvzBnR,customer,,
C-39ed8356-b26f-4125-8a94-362d3febab9a,HRFwIyJD,wwnamCMzIq,customer,,
C-f925f8cf-f6f0-4491-a6d3-6d59f92cd74c,FFeSRpvm,qriotyYnch,customer,,
C-04c22c40-6e93-4f44-9af4-6584b56d4b32,uZCYKPsS,ZheLKefsnd,customer,,
C-d6886379-c045-44b1-8057-5b8fafc0540f,hxxHfhwu,Cnrgcangxb,customer,,
C-47840b1b-c685-4874-8731-56b762935441,CzTJostX,mktyYPeUSI,customer,,
C-5df7f2b5-f4c2-4c5c-a667-ca283f54bb3c,KPrCGbPQ,ZmUzMBUZZU,customer,,
C-bcbe129c-1926-45f0-8945-c11bebe75059,uUPjbuMT,VbOHjrhjYL,customer,,
C-a4204a55-c9d7-4b3e-8873-b64294a374b9,azXAOCBl,OhgiZgQbJy,customer,,
C-1a053b48-9a16-4947-9366-bb525ec50116,aTLjuyaZ,kLxHZOCYJk,customer,,
C-a67fa76e-ccee-44e9-ba70-b141afe3088c,LwbZkHEa,ETSXzXJucb,customer,,
C-ee4e5f50-3732-42d9-b4f5-04c49a30ba85,zDxKUoUF,QyQTzgHjcY,customer,,
C-dd4bd647-1222-403d-b25a-d596cd1615bf,uILcDrct,SPzWKPwUtc,customer,,
C-f2237f02-ba33-4fca-b07b-49f9912a9d8e,MubMToeN,QeoNcehpXh,customer,,
C-49fd3fa6-f0bf-4635-a597-947fda386ca7,YpQNVXSx,AnCdauITVU,customer,,
C-68eb324f-5de0-401a-b957-a2a5742a419b,luhXpYUF,EPXnpMOWHZ,customer,,
C-8908f636-e585-47f8-bf57-3b841dccfed7,ZnleIBTS,oNnvaymzxp,customer,,
C-6fe15647-4595-49f2-809e-7effdef74184,HKrmDGzB,AhgsRJzYvd,customer,,
C-e75e9c0e-5d9e-4d09-9362-5e9afc8d9831,tTftBLNW,QVxtJdRdLJ,customer,,
C-3f4c0b3b-eea0-413c-b436-2df57f80ec32,uSYhGMxK,bKPACPxyQE,customer,,
C-556bb798-f197-4656-8c10-baad02d67b19,CykpagIJ,HiyzbDmZrT,customer,,
C-71f8568f-7ce1-445d-a152-34d527c37b15,bSsIkwZM,nNjsSNPuZc,customer,,
C-88311859-d766-41be-ac40-5b40513c317a,MBnOnCEY,OEutywxuNO,customer,,
C-652787f4-6633-45e4-b4dc-73eeb9c19d88,iUQobQRK,QLUYHagsWw,customer,,
C-9b163187-d393-4702-b831-a4eafebe431f,VphShZFi,qaJiuZToMG,customer,,
C-565c8d59-ec17-42d7-9eee-b2d8baf431f3,dauXWwKB,TfLEbbpLgi,customer,,
C-cbee3c98-3d9b-496c-b201-375689d9c53f,cMqaGrOv,rPBEMxmDBg,customer,,
C-fa88663c-b938-404a-9c9f-4cba2a4ccb95,qBzdHTdn,oTzUEElFSF,customer,,
C-33bf4f0c-6ee8-4847-b8b6-9f54d0ff7e83,DtizFiMV,wQIGfowWTV,customer,,
C-ea2470ce-844b-4655-b4f1-9bbc0c1f1d77,lIIiEZxG,tZDzwoyECj,customer,,
C-34d16e1a-da4e-4ae5-b34e-906f878090a2,hCQRzuLW,OkSQwupbDa,customer,,
C-ec6471a9-ead2-4ca1-95a1-211ecd394bbe,vbnZOmGv,fzqTLfntNb,customer,,
C-73cf029e-53e1-4e6f-897e-404aca70ddb6,geSnjDSf,WJCksoonVy,customer,,
C-477b87a6-91c3-4f5a-a188-1fa375608d3f,UoJOotDE,wROrUkpJGC,customer,,
C-0bc8fe79-5c86-4106-a4cd-e54d7db4f1b2,PoupZoWj,NlflYiNrDK,customer,,
C-455d8e33-37a9-4aa7-98aa-745ec30b8419,xgszVMgg,xcJqKxxRlO,customer,,
C-19775ef1-3366-4a3a-9a92-66d405c002b0,epUtqMwo,QRLFlijkJd,customer,,
C-c1b5a0f5-ffa8-416c-b65a-e7efe82c6ce4,ptHUhvho,DHvFVOLMIg,customer,,
C-90881641-9f44-448d-b911-e7a6030b7bad,MrmtMaLa,jiTXBRXaJF,customer,,
C-1dfdbdb9-a259-4a2f-91f8-f0e4ad88aec8,omeOYtsf,uginkeQsHN,customer,,
C-d9bd51ef-67fd-486f-9215-5f9e4425d1b2,KBVPuRsw,litNMNhINx,customer,,
C-3b769f4f-8caf-438c-9b29-4769fd8366c1,HCBRZVSE,cDyhzIQGWK,customer,,
C-2032799f-dd5f-4d1f-a002-68900ff4cccf,JdiWhPSQ,DebUqbhavk,customer,,
C-06244bd6-79f4-4602-9c51-9df5fcbb4d5f,iQepxGLz,GMWEpWJcUu,customer,,
C-5eb32bc1-1c84-4a76-a9ec-10c27633a4c3,nUEkEjlx,BLIVbrtbRg,customer,,
C-dc131384-6d27-4589-845c-7fd05dc05d25,GBVTaekR,prCQZMUqLR,customer,,
C-7a2d0dee-01ff-4174-bccf-86780934b576,SVTraeOs,SJnfkFTyHs,customer,,
C-8a89af1f-8ad0-4520-9875-00cfc13ad1d9,pWrQRvvI,LeJfCTuGbx,customer,,
C-267a2406-2e27-49f1-b9bd-c358d2173c66,iqFHeLSc,YRotosInTJ,customer,,
C-72efc29b-ef6b-4329-b851-af3911815d48,ViBSiWEr,hcxqtFrAav,customer,,
C-9b133453-da33-40ff-b9d1-e1c0f99973c7,ckSXteBR,gcvqaHAylX,customer,,
C-4f513167-ad8f-453f-b63b-7389330905ca,Waveftie,tiWkuqtzWQ,customer,,
C-9bfa52f7-5f14-4624-952d-b61c10667761,YJQVoDwz,TBXLLruJIr,customer,,
C-865d6758-da36-4490-bc74-c957a775beff,DADZDVAa,colVxokRed,customer,,
C-ade0414f-fd5f-47b4-a4e6-f13464507405,NVmbfuXv,WybVMEOLkl,customer,,
C-97889b55-8cfc-4029-9a15-f881fc24c6e5,sFRzeIzu,ZumVONscoe,customer,,
C-99c0947b-675c-4e58-8196-b05931b83889,xTBegIHF,aXLRuSODob,customer,,
C-f471ad9b-0d24-498f-9e6f-d72af4ceb894,oJyaVPoO,plPMPOFraO,customer,,
C-a646b64f-5c30-48bf-9b07-42f40c197058,GFxPMEIG,ghLjVcEkHV,customer,,
C-893cc95b-a8ef-4c13-bd0a-987bd6c7c0ff,EWXuNXUu,LzuOtXpjqd,customer,,
C-f669bb11-4ee8-4040-be69-904a7487aa72,KgPMNRqn,LImOCpQcGR,customer,,
C-7510daab-84cc-4af0-be7e-803bee73a617,tkBwcmfU,JbDeGxkPNO,customer,,
C-a214bd42-5157-44f1-ac81-163d8ccc1c53,RpHKwGBU,ZzofaCyrgh,customer,,
C-775f4259-0eda-426b-932a-5432f0d74637,Acawhkma,AfqQOwIiSg,customer,,
C-0b5f72a6-2648-4e41-8624-5e03eee3fa52,esYnepho,smJKADqRAN,customer,,
C-a75b75ff-cc3f-486d-8551-acb7e223cee5,GNKmRhxH,pKXeuifFkE,customer,,
C-eed2c3fe-71a8-4c82-b415-6472d0b5fb93,rvrdSqzx,qGxbPPFxCj,customer,,
C-92253534-a758-47a6-9bd3-02a85e95a99d,BWfudvcy,eamMzimEjN,customer,,
C-78586d49-ff6d-4c3e-ae3f-49392b6e8d0e,EyWpZxDy,fgvqGkQZgT,customer,,
C-3d09ff55-a244-4a34-bd93-100ba809a8bd,udFTsunJ,lnXQVTOTIk,customer,,
C-bf17d00c-49e0-45db-a02c-3b7bf1ef047c,vdkNYkRR,veTQlykzBw,customer,,
C-c10031e4-7e28-495d-8f14-0fc3b782e02a,ClCheMhP,lfXxLzwRHG,customer,,
C-1be994b3-f636-419c-a345-7e8013d59241,vofFvcrU,NdddwMJykO,customer,,
C-f653be1e-2797-46c1-a7c6-06b101143335,hsQdfZjx,mqMBHUwRRT,customer,,
C-25142cc4-bf14-455b-bdcb-3acb99ef2b57,ZxYDcBVD,RSHXtUyilj,customer,,
C-d2268c32-6b3e-4619-b78f-ed5b9cac59ee,mUqrAIEj,QJBnMXuJCb,customer,,
C-4e5a390c-c42e-426b-a2a3-e6d7a5044ef4,YhsEMdqK,AkgEPBclbR,customer,,
C-3d208adc-70ae-4f94-b414-be5793674482,ipipEvoG,oHvhOKjenD,customer,,
C-1442c6d5-7eb2-4848-bf14-650d0707d4c2,LhoAHhoN,zguqNmdgPm,customer,,
C-095a7db1-b073-4be5-a897-57a20c07b014,RaPyylbG,TLXuWlRdri,customer,,
C-d76b257e-96eb-4d6c-99cc-55bd5426b10b,DeHNmpVs,DxoEaKqtge,customer,,
C-7b077dbd-ee88-4f43-b2ba-d0f4014596e8,GWtXYuGw,KfWyjOlpIU,customer,,
C-c2b71f85-60ef-4381-bfb3-a3817a1c1777,qCplDoFl,ejEsGdRiGD,customer,,
C-36732d79-e91f-4b9d-968c-601d586cd69c,CkBsyhmk,GiVoPwvqHu,customer,,
C-557e6065-1653-48b4-9ca2-ab046ba413e4,WcgRjwhb,pCTAnlCXHB,customer,,
C-6ffe0d9b-3b20-49a7-b123-17b06494c356,LyaOGaFR,zrUWAqZLtU,customer,,
C-5497955d-d335-40f5-8785-d07d5d754729,RsEdNYnN,qCRXhFwFrG,customer,,
C-8331182d-467b-4c0a-b991-0be2bd9d0270,AfVkwsOL,KBMDQHcTDu,customer,,
C-c8b788a2-d7c0-4e09-81f1-d44ab56d7e4b,qROdGDTp,wOlDvXucrf,customer,,
C-4cb61385-f429-4d35-94bd-3708712d7e4a,nSDpfUau,PVoZoHgHym,customer,,
C-b7e5fc83-35ec-4f65-820b-9d21284d196b,FITadOTI,RaAaYFhKFF,customer,,
C-67d22228-9649-41e5-83af-02b3e6724ac4,UNbcEhCk,QSBtaDrvgj,customer,,
C-7d823764-3808-4775-bb96-513707af130b,VNXqysDj,FXgxfyuCGs,customer,,
C-fc3766b1-f3dc-4498-83ef-a19e6515d6e7,gAeoVVYK,tjvlTSeotI,customer,,
C-36c6dfb0-ef5a-4d57-ba5e-8bde55f7452e,XnlaXIsn,VbIWJQkACK,customer,,
C-c81a5113-2bbd-47a5-9683-cd7788e0efb8,tugeyYbP,FBBDPIfZSK,customer,,
C-c810d412-5632-4bd5-a8ab-4a9a915987db,rfzQDWiw,ujeFPIMbBw,customer,,
C-15489474-6586-4c37-bb1a-dfeca4224044,zBFJDJWs,KrSTiMraNE,customer,,
C-b4425691-a9f5-4ca1-bd4b-8860897cbe76,fHeDiIlk,pyBEsxPOhD,customer,,
C-458e3d82-14d9-40e2-a17c-b878bd25b1a6,qirfSqKI,DxHIRvGPnO,customer,,
C-b310178b-74d3-4f00-ae84-11c339c40fe1,KnPmlcuA,KCEYnlLFNt,customer,,
C-487a096b-1623-48e4-922b-4fa1a96f2cf5,lqdQwOVZ,zFogPCyXIS,customer,,
C-85087888-f021-4ad0-a18d-54f7668a3c79,tAEmCqrB,QfooLDXpPf,customer,,
C-16f451d0-d423-42eb-a6e6-36f286d3db13,OWyHYCBY,gHeCSJpVTD,customer,,
C-586cfd27-0a6b-4644-b89c-c3f4839a8af9,ldFjWTir,DmkCEMnJic,customer,,
C-48e47aad-949a-4f1a-b1e6-ded111f61dc9,WrZqNDCp,oIKpBwFzpt,customer,,
C-f9698a28-84b6-43f4-accf-51cc2495246e,LflkdYSr,gEojeRLgYb,customer,,
C-7a860bb6-0de5-46ec-b871-5e6651c21cbf,xrlScdNZ,RtBbhfOcFB,customer,,
C-e3e8abfd-b062-4527-be2f-6fde7082702d,hkMfbJkD,VftfMVSmip,customer,,
C-2b688a35-dea3-4bc6-8286-e14f57a229a6,EySLpvpT,TvMeRdsncA,customer,,
C-93d85820-7f07-442b-bfbe-cc6c036b2b88,rxGbjTnx,ZhWdRWAfgA,customer,,
C-1e9d0694-c02f-4716-b0e3-ba5d677bb7a1,ZLmHnrUz,vUdaElvXxI,customer,,
C-76b24f5c-30e8-407c-aa34-ada8cc037ced,yiItGeJi,LKlKWLEsHc,customer,,
C-3b85f8a1-4295-4a5b-bb2a-b56a3ffdaeca,LmsEjsll,WkNORpMtmK,customer,,
C-75a41c2a-6ab6-415e-9f59-2809ff7b01fb,JVMrfKXL,dRyTeEcxtr,customer,,
C-cf51d354-9e3b-4dfd-92db-161c60642071,wgTlmwnz,KWQFbvBvce,customer,,
C-d3f525cd-276b-4224-9727-91e60e73c777,UGohyusN,yHdXYVkdUP,customer,,
C-7f9baa45-0f9c-4d7b-9727-f83b8f15aa62,ZYRNjKOX,ceNrKvFuQM,customer,,
C-74ad49b0-5304-4bf8-8648-821048283cfa,TuxNZwrP,pmVAaNDtKs,customer,,
C-def0d2e2-9310-4ea5-9895-390e60a7d33d,rwqxzula,gXSaAoDjvM,customer,,
C-2498e133-3352-4c5c-9481-60247a5bf9a4,rktPGLxO,HaCeeRTWAC,customer,,
C-7db031db-0cff-429e-801a-403538031436,bSCSgCfr,kckqYzlrUQ,customer,,
C-92abdfd4-4a4a-4750-ab53-3c7b6377d503,GDHidEYx,bJVldheKhw,customer,,
C-f751985a-c803-40b4-b830-33c03f2b1c6a,ngSVLukk,sYvvMSVKxt,customer,,
C-3104c014-91f3-4d31-bf58-c85aede8d4ab,QdFbzkTd,qMEbedYKWK,customer,,
C-efeab11e-0e7a-4b1e-b83b-0379ba224492,UbtuhxcZ,ZrGYcUpLAH,customer,,
C-7abfd4dc-93ab-4102-a183-7f5e54a3ebc5,dfXNRTSm,nkYEaqXRzb,customer,,
C-60b80038-027c-4f32-b594-a8210aaf874d,tWVEwNSi,hLOCURxpeP,customer,,
C-598e66a6-e7f5-4c5f-a453-c614eebf9401,tuzljGyT,cTUkecWcRS,customer,,
C-66952c8f-e6cc-4cda-99b9-5ecb8f9bb657,HAznWXJY,dCosVEDAdv,customer,,
C-dd5c36b4-4876-4249-b476-7dbc50b5cc09,txQKnUcN,WBpQrDnDRv,customer,,
C-0bf01b74-8628-4edf-bdb0-1628b4ac7a28,srYYziKQ,iPARXDqZFw,customer,,
C-19dfbeb4-4feb-4f13-bed5-7af0f50badd7,nVdKHHwp,cgbLsSoTzn,customer,,
C-4e39c06d-45f0-4a12-b0c4-dc7c508769db,MoIQyJQt,KTIcBQwISu,customer,,
C-3495d36b-4544-43fe-a00a-0cad68077556,hYQEZTrt,hzMXuMqChk,customer,,
C-2e424e54-9728-4b46-b1db-adad9fb3f682,cgpATsjO,IkgidrOSTF,customer,,
C-f365b68c-7d36-4ebe-a8ce-6670c7a9b887,rNlnxFIl,wvzLhyKwNc,customer,,
C-95014abb-c618-4d7b-b853-5f54a239574a,TKUNOBxK,GaOVJNvCHr,customer,,
C-67a38b63-0274-4655-8500-7028ad4231aa,RYwEqKSh,LyGbcoNZsK,customer,,
C-99b28078-08b5-47dd-9fd1-0c0b52a2fc9b,QITNMVHX,vijQNcMfiD,customer,,
C-740c1295-c36c-4d94-8ed6-82b99f6e814c,qVwixnCi,UQdHwplACz,customer,,
C-2495a2cf-cc67-44fa-b4ea-9145fbe84306,jYKEoojh,hPxKvHaQVJ,customer,,
C-86c08691-d2da-431d-b965-9b48e28bcd4f,tOHoiPOh,AZWYgdDzYF,customer,,
C-c5d4bb8a-3a45-4d1b-b95b-17ccba30b05a,UQbRjRff,HYFcBjGVur,customer,,
C-d0d7f63a-9158-45b5-bf2b-beb21a0c8785,EajEUMtk,YpJjdUxvFB,customer,,
C-a23b9d81-b8f5-4778-a3e1-e552a820043d,YMdBSzjm,SGCMwJsMiu,customer,,
C-c57e7dbd-4f2f-47f5-ac1f-7f00621099db,CanAvJCo,YTQkeyeoHv,customer,,
C-0e3b492b-da9c-4581-b24c-9aef555034dc,MIMwLiXm,sYDoDDSvuS,customer,,
C-0546a7ec-433a-4a11-9d63-2f457013e590,IThrRqDq,TatKbyQdSa,customer,,
C-6849d900-b577-4fd2-a0ea-428c9ae61afb,JejoEnDn,WVRqIqrnDU,customer,,
C-870e6c2f-24e4-476e-931b-348259c6ac98,YxGRmsKy,mUdUeAtmkA,customer,,
C-69e05601-5748-47ad-a8a5-55fd5f062d1a,QHFcIlpM,yCsXtLoWTk,customer,,
C-7f7b3d34-3b0f-4bd6-b7a3-d9f385e37430,QNkfySKj,HwXcbgvJbb,customer,,
C-e58498d2-3bbf-469a-a09e-adbb0d3d3a9a,BUMVNmpP,cVoYXuQXKO,customer,,
C-6a7f249c-af30-4c4c-82d3-e0a58de9e735,RIkYNWrh,jFwJXHHViP,customer,,
C-a677bd06-acf2-456a-969d-3d86a773d6e9,qpRNlpHr,YIozUhveQv,customer,,
C-56732120-c82e-47b7-b54e-1f56c84ebff1,FkwIQMhB,vEiUjOCvEj,customer,,
C-3e9a7c10-07e3-4e8f-ba3c-187c37efc94a,jzosyuVY,hWQGUUBBcc,customer,,
C-1165408a-9787-45bc-be27-98959ebe4d2e,cgqhmGuj,IyZPFAwOFf,customer,,
C-9807c53e-5927-49e3-a3ac-8cc699641dc8,dPGpUHRX,lNaTfPOrzw,customer,,
C-58b15e1c-3429-4937-b290-036e242b6b77,WjXucBRB,klnnmEKUtt,customer,,
C-a9d1ba3b-19f7-4c80-8c4e-9416b18705a1,zZutpLtT,sdjoPkAcVw,customer,,
C-2dc25a15-5cfc-4fba-b1e3-513478343f4c,MSeWBOjt,mXgsqsVyEV,customer,,
C-9b6c0dab-6040-4c06-a70d-fb6453c4f6ed,LUUOrVTj,ZSvIBxIaOj,customer,,
C-e3820570-4bc2-4858-8c31-edd702b2d4f7,hquTfflH,YUSNKRCMxG,customer,,
C-bf96fca1-d8ec-42d8-ac9f-c69c68cf2b84,CPCUAUaQ,HcxkZpyOUW,customer,,
C-6d4e8ea8-4bac-486f-b4f1-46706edaa58f,xUjbKZDN,OmHiutdBuR,customer,,
C-9977ec23-f1c5-46f2-9f9c-50eab0d7f653,glqIQMTX,xxrbAXlqwR,customer,,
C-eb90f5c5-3d89-4f3d-a165-a83dc0b8c5e1,UEpzVMOa,MyMLaUbryT,customer,,
C-ec657953-b83a-4662-b104-f8e1b3a5e248,gmldpTNN,ttAaVRKRxj,customer,,
C-149a4c2a-7522-4967-8139-1675a769e2cd,UIIOWNJR,iPYaRFzkfq,customer,,
C-0663ecb5-508a-4f8b-9f3b-51486fbcc310,qaNfeivT,NiPiLZMUUI,customer,,
C-99f2ab16-4ec1-43d7-84c8-2b5ed8981339,UTPRuUGN,ihIfITaDVD,customer,,
C-ace492fc-4fac-476e-8664-4ab0a60d48b7,mxJSNGwN,MOxIqsVwkZ,customer,,
C-e7648a85-f932-4365-a37c-fb2f2c96029e,VcUuLJYQ,lnNayAhyvj,customer,,
C-735f4017-b756-4b1c-831e-dcab2f3662b6,iRwCbAxS,vleKwBeDVo,customer,,
C-9d3bef48-95db-4e44-8614-e340ff925e33,rCWaMVsl,CrmxOJaOBx,customer,,
C-43862b35-6507-49f7-bdc1-1881a4aa4580,XHwztWRU,qTHszejpxz,customer,,
C-35aadf98-0a2c-4382-959b-196630b6a786,hXUZbfOE,HKafhJwXuY,customer,,
C-112d22d5-cf15-4e2c-98fc-7ff0e166f63d,lvMZOljX,yKOOjrMKHH,customer,,
C-a07ee498-0e4b-4ef0-8be7-b6c584b6e2cf,PGvFUpPU,DRMWeAdMVQ,customer,,
C-d376ad4d-f214-4ddc-9395-81970d964d1c,fYnAgybX,poOuNRsGMC,customer,,
C-663d124e-2ecb-4b7c-8f07-91870136b663,vRtyZNDq,TxcBUPLsqz,customer,,
C-cec9823b-bd81-4579-ab30-5863728914ea,CYFTRaKX,mDPVpWjxyo,customer,,
C-03c0ac9c-7196-4b24-99dc-a8057e49ab1b,vhhYpcBm,KkNftMnspD,customer,,
C-4def1100-a87b-42dd-bb0f-acb43f013374,ryMvtQtl,lMWjvekeEu,customer,,
C-7c70dded-74d4-4ad2-939c-b866899737c6,wLWyZlrx,WMzJrsasYc,customer,,
C-c83eb535-c4eb-47ef-838c-230c87862f86,xUieNeCR,hFlxyRKARG,customer,,
C-3d261cd8-dc4d-49d4-ae2b-dd721e2f130b,wlWexkMA,DBRLMBovaV,customer,,
C-e2a04883-137f-4ba8-a299-0a149e500148,eAAWHuTf,IcXakUMpIG,customer,,
C-232a623b-ce63-4557-9257-17e3c7e4f3a0,XTnofNeJ,PXDfUFRAZf,customer,,
C-3faf8480-c36f-403f-8f34-36e33c7a563b,FihvMPyU,MDSSCgoYrP,customer,,
C-dae7dbfd-2305-4e31-8e68-a77e78b392bc,ZsQLKRql,IRXVKknYFn,customer,,
C-cfaf629c-f37a-49f3-bf5f-1d3dd0ca2bd1,wOUdtxgC,CrfgjtPjcA,customer,,
C-1b5a9bc0-6868-416e-9d75-fb7baf913f9b,YjRsYXDr,vNmvHNvgRg,customer,,
C-8ef8e4d6-98bf-46ca-827b-a6d2f3132ab4,yoSVfnXu,QqPbZfzVFS,customer,,
C-2997d19f-6835-42a6-9257-0e77b84b5045,kKcgeqKz,mfdTywCDqx,customer,,
C-1f5285ee-6c1a-4c19-9d1e-127fa8f29f74,qLgYoiRM,susjgWGEtu,customer,,
C-b71a53f3-a6ff-455f-a4fd-ab90e8d08462,nJxZvxWQ,LWeJkVnebf,customer,,
C-28984979-65ed-467e-9d4c-c6522d458637,IkYKmQkJ,IpvHqjuwMy,customer,,
C-99b424f5-f038-425e-b00c-10de9e3b9f83,BSzodpTa,gIKipixiqJ,customer,,
C-56fd272e-af41-4f10-9700-a50f4857e6fa,ZvLFgkUC,PSGfVyPgUn,customer,,
C-5746d9b7-222b-473a-b0d2-9c11a86afae1,KwgKAbyH,MiolJUahDM,customer,,
C-722e577d-518a-4ec3-9c76-958dd1e8f80c,PIfINbjS,mdKENTGbij,customer,,
C-81b8c8d5-ed80-488d-b0d3-e44d7b8041b0,gdAgltRU,HKGNPybCKT,customer,,
C-599db3b2-5ad4-4855-b66a-bb770e8c530f,azeAqbrU,QjHKTCShTa,customer,,
C-974de69f-bd1e-484c-a46d-69f2df013ed5,vpYaetHX,xtrnOsKLdM,customer,,
C-da862001-7414-4446-b97b-1a6f118fe459,dfspnByJ,UDQJFkAPrd,customer,,
C-eadc26a8-0fab-49de-b730-127de11ab193,ZTrGCHbp,biyAPRSIug,customer,,
C-55ab34fe-fedc-46b6-828b-d6a38a0180c6,wuQRKHJu,XUiSzlXEat,customer,,
C-0eb22900-99cb-4fbd-9f65-9846e69f0faf,mwqRxFMR,sfVkxHxoXB,customer,,
C-d875ea35-117e-4dc4-a168-bd90c8994877,BvPZfVDQ,YNAipDayDl,customer,,
C-dbeb22f0-46f6-4784-92c8-ae732779f480,FSkxuzwA,hvoSGoGlnW,customer,,
C-dbcdda0a-6b4c-44da-b791-1e2dd299e09e,PIQGmhhe,PrGYGgokzd,customer,,
C-abd43e83-e0f2-464a-bea5-77d21b86d7c3,lHHAYEaE,QTqDjTJZmS,customer,,
C-d9283c9b-0eb5-42c5-9229-a0fdbe5bfe2b,vdIghNtg,UHNclLWMKN,customer,,
C-b1af59d1-e5d2-4f7e-be4a-07d81f64281f,sbMFSyzA,wyFuKrLose,customer,,
C-f3df70d6-0f0f-4b19-9024-db6821224f4d,IsqUiOJg,LYUxjDDWfy,customer,,
C-6d0a9e91-e7ce-473c-b0ec-09ed862833af,tibstCXr,FXmeYJeffL,customer,,
C-e253244b-1a68-417b-a027-f75566d89ade,ScBNuCMH,UuEnwxJogZ,customer,,
C-a0260b42-e6a2-45ee-88fb-f5b50d8aa79c,DQiYtaou,qHaueeCUCz,customer,,
C-3b5e474b-15a3-4e76-9871-85917e61bf64,UYmmUhVD,hPevUdlxho,customer,,
C-5d675213-0208-42ed-a6ab-cc47f41c1eaa,hevlQUQb,jOynAJqLwB,customer,,
C-8cbd2700-52fa-441e-b256-767868cb2e0f,FpIScTnF,aHkWShhjIj,customer,,
C-a29e380c-a73b-4953-9a24-7a87eec0c991,LfmolkOy,VMLNhkgTQi,customer,,
C-65bbcd3c-2318-40ff-84ed-6dee9c275e08,uFmPvZmj,flXXWZXFRb,customer,,
C-28a69271-ecf9-4b10-bd3d-3162d8759685,OgcYvGnG,gIzdzxoMyR,customer,,
C-7c4b0645-e00d-45f7-9d86-2dc9865d1194,PlrlTKRi,iUCzAaompR,customer,,
C-4bfe1da0-f01f-45ff-9fb2-6bc58fac8df4,tVSKHhWp,PUZHGykZKX,customer,,
C-a11ab5bd-e45b-4325-ae01-7dc902419479,mYFILiVD,upFtlKMLXY,customer,,
C-ab240d7d-2a42-4345-bc3d-1bd3c2fe04e4,QqxTWZYG,OdampnLeVW,customer,,
C-54ca4987-21ac-4072-aa0a-859d0e5b48bd,PllKJhks,IfBrYfgbDm,customer,,
C-29d6b0c6-0912-40e4-bf8f-42718c373076,RngfImMM,VJNseDOvpK,customer,,
C-28a367a0-203f-4d50-bd44-10e83cdb4cbf,xeaurPFF,pgeiGKYAMp,customer,,
C-0b2f1af1-4d22-4da3-8981-4f6ee393cb08,juGgOCUX,qFhfIxpAGX,customer,,
C-514faac0-868a-42a1-a7d3-1f52f2f0c478,GNOdcjRw,tAcNMJDuCB,customer,,
C-5388bfcd-2782-4d74-b6ec-6eed7f572675,kkOzdfHF,ReGVAbFMMl,customer,,
C-df13f1a6-a75c-4148-99d2-a5fa35ee3d8f,KabuPVlO,jylUItgwTs,customer,,
C-a1284776-afed-48a9-8bfd-d30eb5bbf79c,hUEbuxKd,aSbzaVgezX,customer,,
C-51f7f16a-ad9c-45a8-a27e-b8971f0a50bf,jqoacoob,ObnRjHOYwX,customer,,
C-4abc656a-8fbb-4019-bff6-00b64a024301,OPTuXGjC,nRnOwKKrRC,customer,,
C-4fcf2c3e-cbf9-4916-845a-2e866a7576bb,ennoVBBp,VXbyKewEcz,customer,,
C-c2388bb6-d2a0-4243-b5af-5e8c48d252e6,kKoOuyck,rLMQHBAwqZ,customer,,
C-45a45260-a5fd-4622-8082-81cfe262a085,jvwRKlzu,YCgjYikEbW,customer,,
C-4046908a-ad0a-4553-8d1c-43623640c3ab,LHNjMNst,bgMAGaPBIm,customer,,
C-b0c40b71-0634-4965-ac5a-a4e9f55fe16a,TXSVOhEg,BkIrAOWdzT,customer,,
C-53a31fbe-55ba-4f3f-a7c0-a5d6401e9403,LHPTfzgR,xMOYHQkUlZ,customer,,
C-571d9fc0-8c89-465b-b01c-64bbd3960e36,fPYZlgrX,vbACrSadgV,customer,,
C-d53f759a-50ba-43bd-bbab-ab38ae2763f6,nllmTsOz,eDoZHTybFU,customer,,
C-733e5658-be53-4859-ab22-e2d46cf1df72,MdqhIKnd,rvBVjtqTCM,customer,,
C-f979db0e-3f10-4d38-a754-61331f8c26f0,xSlBAQtQ,JIzZLSxazp,customer,,
C-d24bdb7e-1d2b-4d6a-91d8-f0b8c6ba2aea,aSwXFxZl,irKBognDGr,customer,,
C-18059c6c-9a94-48fc-b6f9-e63883138b11,iHKiYRad,RgeVyHoaon,customer,,
C-153af316-3e10-4086-b9f1-d256c950d79c,tldiHDeD,XPlFPXuxUt,customer,,
C-6dfc9d10-54ac-4870-b074-354199a5e81b,kRIjqKSo,CQVRmuApWh,customer,,
C-6d1cb0c0-d65b-4a5c-bead-44111775a1a4,GMkoMVOn,dFJYNwYGSb,customer,,
C-5a0b2ecb-d79d-4928-9b88-35c7951f9edc,hjjfwtzR,AODNdemDsU,customer,,
C-f059a299-7a12-4d89-9fc7-5dde276c3223,gozPHURd,wShzlZWoJg,customer,,
C-47c813b2-9660-42b0-92b2-fcae104175bd,KDZXOJzu,ouRpMqmNTq,customer,,
C-5c3da563-08ea-4b85-be56-2ff455e49d24,TTijTBcB,YZZJdNEOHY,customer,,
C-2dc72ae6-0d41-4f6c-8356-30ad9ebc2fc7,HDxexTCF,bESSqYkahh,customer,,
C-9bc4d63a-72ff-409a-987c-7c3a6f4ee137,URDrxrAD,ZdQlbcSypG,customer,,
C-26b3f275-4f0f-446b-ad8f-500837eecde1,LsWmezKe,HoILDrQANn,customer,,
C-d617dc5c-fe99-4fa7-84a6-d093c2dfa1fb,cdtrfASR,qRYBEqyTzf,customer,,
C-72bd8472-1eb4-424d-ab8c-b530ee282e2d,kVSuYmsw,XtDfDFrLFm,customer,,
C-67252100-476f-4d83-8237-922c9cbef96f,pJDbgBLI,MdKiWOQVkt,customer,,
C-caef6ba0-950c-4ef2-b073-14084bca36c9,vwSbttls,qUrsBecLcF,customer,,
C-6468554a-71c1-4323-a446-ed460ad83047,pveFZrCj,uQkKhoUdaJ,customer,,
C-0d29e0bf-993a-47a9-9c39-5bd64ba370da,fUUldBsj,dDXHtSWicu,customer,,
C-d81d797e-de65-4687-9ab3-7a525afada92,hRMXiGUq,sDBBqkIONI,customer,,
C-99f3dd64-254e-4242-a179-22bd5c6b9986,vvEexLjV,ASdPTCuXYv,customer,,
C-7ba4cc47-fc94-470b-b3f5-76c72071c9cf,hJYWCDmK,vJYvgqpwfw,customer,,
C-21dc5d71-2516-4d86-b999-31fc6a1c78c4,tEPFNFWP,IrMIUWXMgg,customer,,
C-86ab213b-6d6f-4e53-af0a-7d66b9169726,fqNhxVfI,fLgvmzDdPX,customer,,
C-239a3cde-7e4f-45fc-b355-12918cf7b005,mlVRxPEr,JzXgjCFiap,customer,,
C-b3b523ce-ee7e-422d-8b49-60a36c5a1b4a,MAiEXsAA,WwLnwMkJIi,customer,,
C-8d3a2bb5-b0d3-49e0-a248-c6d1e424d67b,frxQkvJL,iCEzXZanHM,customer,,
C-6d2681d8-1e63-454b-a921-934bf2a595c7,GqaGurbP,hTFzNiljZM,customer,,
C-afc2bbc9-93dc-4d4a-b7ea-d00be40a2f0e,PHsHiTME,zWWHjLxmgD,customer,,
C-8b47cfba-c615-438a-ad46-d6a04f8aa4f1,zkqRLhgV,rQNOOHUZXF,customer,,
C-0f33c716-3a89-4f8b-8ab1-545befdd57a0,DEXOjxgE,YYqcoMrPlL,customer,,
C-2f26d1b6-7b31-4f72-845d-d41df3f62a75,YJmNSTjQ,VycfRwVyEy,customer,,
C-797d7490-4665-476e-b3d1-c65358293506,vMQLrftD,hUsZngppRm,customer,,
C-d34e2e8e-acf2-4ac9-a264-054212ffa378,homgCrXk,QBhMkDUiiJ,customer,,
C-c10feba7-22e8-4b39-84e1-45e2ae711772,iWpihLPy,iRpDuUhPEM,customer,,
C-38cb2230-e883-4662-bbca-fce5856118aa,JzCqVaGR,xYuFJwBoqh,customer,,
C-ed48c227-77eb-4a79-be62-722235931f50,rpReBwfp,ASMQWHdeMW,customer,,
C-7abfb26b-7c95-4a5e-94c9-df1bacb20370,XXvnMEzg,UnYehqteCV,customer,,
C-2bffbbbb-9465-4df0-b350-9c5c626cafbc,hIJzziip,KYcoIVEtjw,customer,,
C-cde4e119-2703-4354-9823-c1fb1d0a5b1e,BgeHpWSY,iElqymczjG,customer,,
C-a4def2e6-25a3-4160-8c40-952fb451bc9d,xseSLOeP,zPTjvNHUsy,customer,,
C-d16bcc30-8d28-4c5b-b771-e8d21c69a4a4,JmCFUzqC,uXprqONTXk,customer,,
C-8a989348-0279-479e-99bb-341c301be17b,GkdoTNfF,NioHnzDSUn,customer,,
C-71ac28f3-14e8-4cb8-b20f-054b798f164f,ITyFjdTc,tsZUuhWNPo,customer,,
C-af258d93-e32d-42b3-91bc-31d2df322d2a,dxrGPJpk,QyVeSoWapp,customer,,
C-6e1ac286-6e38-4e22-8260-c9826ba81799,tFNUKxbJ,zHcnBaMuki,customer,,
C-1fa2357d-f707-49c3-8092-6a227224caac,zmleKQEi,yeolxkakTy,customer,,
C-73db6418-d68c-416f-9de0-1679d82cdc0f,fKHfsqbs,ELElkbekTV,customer,,
C-fbcf1cac-68fb-4f67-8984-651e04791e0d,UPMtYuWj,GJCKeDvmGz,customer,,
C-5aa608f9-2a88-4f00-a8b7-62d63c887bdc,IihCxyIt,zYAWhxAvRH,customer,,
C-a75ff587-a031-4755-9265-82d3b7ef224e,UAhHvkab,JLiqVjhvDs,customer,,
C-9497a0f3-2724-448c-8406-47afc0216c2f,GtzbDEuZ,XWEpTbfiJq,customer,,
C-0eacc4fd-d0b6-44ff-83d3-8bae8b2eb4ce,nrHSbjFU,QgVzqWXabK,customer,,
C-5e44aa15-f984-47b5-b4e7-df0ccf369a41,dFLInXDj,iVXDsuQYtI,customer,,
C-2750ea1a-51bf-45b0-ac67-ed0fc09465be,WqnQWHWI,YPDQkgIqji,customer,,
C-fcd4b409-945a-40bb-810a-d1b92eb0de56,FduFqxje,EyyWWHWGtS,customer,,
C-116951a7-a256-4fb1-b995-a6e6e3e33fd4,GHVavTSf,rOBYSJidAm,customer,,
C-c1dd8d69-62f8-492d-af12-8ef2ac3e714a,TvNSIluS,eVjsyoETnW,customer,,
C-770e72de-1ed7-41e8-b8cc-1aa1470a4cea,NTxSgQNy,hNPEOkjUkO,customer,,
C-d0ee2029-c9ed-4f32-b429-38039e023b9a,fYizvHvw,QvwUNKBVTl,customer,,
C-ce55f433-3f3d-47e9-a981-08e82c642468,eNLxcBSK,iEmfuUZjKB,customer,,
C-df1c97df-4e73-4e0a-b780-671f941eec27,YQSksFST,JtxBQnWGcZ,customer,,
C-18b329fd-c7e0-4330-b0e6-bbad4e9b086f,jIxeuPtX,qnLOBCIoxC,customer,,
C-48711b36-65b6-4234-9ccf-754de01326ff,qDElxAtd,tghfvdmeYk,customer,,
C-a9d46d9d-70cc-4ffa-ab9d-4d5db0e46f8a,NlAkVItg,PyvcZHIxCo,customer,,
C-90ebe15a-1fe8-4f57-8352-e2f304d68c0f,EekTbuao,FIsoVAEdhb,customer,,
C-fb744de0-797c-4284-9558-fc55f5cabdeb,ejozwMOz,bsJWEksqii,customer,,
C-7d673733-6465-4bdb-9ba1-091834139860,kGAPvDaA,BEgJooNwHH,customer,,
C-1b2626b6-a8c4-4fa9-9353-48d7ddd84aac,ytZreYzu,JxIoLyHxCz,customer,,
C-8117f378-dfd2-461c-a655-c7abf7fd2e28,pQYOlLqh,XzPZPwjNPv,customer,,
C-2784a85e-a8ea-4115-941b-1206e82c202b,HfGljmZs,RqUdJjzhoJ,customer,,
C-41b00674-d1f4-4dc0-a727-bcfa36499499,OBTzUQpc,ZwTkLXAerF,customer,,
C-c96d008f-e7da-4b7e-a022-e5bf81b565de,vrofywfS,BrnHbPcQid,customer,,
C-b0d95009-e7ae-4843-be9a-3ac7ceb8418a,YWDZYEqo,WpMIROlOtO,customer,,
C-0389b22e-e780-4c04-9680-81874c1cc895,OmmTChUp,jABIOPlALt,customer,,
C-fb8c63ac-aa47-47a4-b3c8-bc274c5751b5,kQQjRqlr,xTOiodOhFn,customer,,
C-01c3e8b6-7206-4cd7-bb7e-1ab75d7483af,YlUDMPDj,vFpezBBkOP,customer,,
C-6c3448d0-035d-4ed7-93fc-f03d6c4f8202,nEIzRqwr,GGXPYqUNic,customer,,
C-35b78aa4-c09b-47c8-b0a8-8eb0d0de3828,jeIaTAWj,CvizxOJhBr,customer,,
C-5e74dc06-22bb-4859-828b-867704aeb720,FspyqlCD,uxGfyFlmrO,customer,,
C-dcd841ac-ae30-4bb8-abd4-46e0ee0d9b03,giPIIqwl,JyBHQaPAjJ,customer,,
C-42791102-5056-40a1-b6c6-5538ca9e26db,zTktytnn,tXjfrfsDxV,customer,,
C-551d4df7-1807-460e-a90d-40fddee75472,PeCKFvCC,azSVsfbAlf,customer,,
C-98116b69-8588-44a6-b814-adbf0b11c7ea,IeeyubEH,yiTxdVOpRC,customer,,
C-3a6c7d10-9e0c-4a5a-86d4-4fad68b1b909,JQDxECbR,IOFGtpYqDU,customer,,
C-5c61f387-b982-46cc-8006-3e82ca718459,TeZjKghp,EmXnyfdYwb,customer,,
C-a98a7397-2d3d-4e6e-98fe-c790111cd58d,dyFCIueP,BdrAfwumIh,customer,,
C-8591ed25-4d7f-4739-bb29-4e6586a22d50,HUBrJyop,pHyQBMxoGg,customer,,
C-1a1caf37-1e29-4f91-ba58-b39e5fbcc711,HbTfVtJN,FovrMLMIxM,customer,,
C-a6ed79e1-c778-43b2-9c43-c8aa12d2789d,zaOYsqXT,KHeYfjoHzn,customer,,
C-055a8e86-7c89-4f88-89f5-6bb36c524585,mRbOdNUv,UuqcTcohsT,customer,,
C-c2743272-9d1f-4f3f-bb94-c005c88fe3f2,VmYbkYYH,ozMolFnfOB,customer,,
C-06e62b73-cadc-4740-a032-7b296e397a1f,ykOvjhvs,pSSOuXFhND,customer,,
C-ad6296c9-fbc8-4537-8e08-c5cde198dd6d,GybDPpuy,gmFhegwKWD,customer,,
C-93d20501-63bd-4484-93e2-d0ab97330d9e,eUjrhAhn,OvdYFlIoxz,customer,,
C-c81766e3-3d29-4c21-8b94-68f2a13188f6,sVvPPYci,fiMDjgxadD,customer,,
C-b8ee976e-5e9e-40aa-a777-069dd82eef96,xgJXCluB,jbeDiDozpS,customer,,
C-a6d448bd-a6e3-440a-bb54-a9573b90d94b,OUxWfGRJ,yDzdgnMvAW,customer,,
C-1c648f2a-db90-4a40-aa8c-840dc8943312,pdCGlWWs,bTfTzyOvbL,customer,,
C-0856075f-d4b8-478c-9d2f-391096b9de95,XSBDWmue,cGMhFZNkHk,customer,,
C-d9354acd-961f-418f-8876-b5487f65fbce,wRvkYcdj,CJBAwwNZiA,customer,,
C-b8aa2979-7de6-4eef-8187-bdc1684c6f07,ggIhdgtM,PwrRSFoBvV,customer,,
C-b513b46a-9e9e-48b9-8332-628bb82881d9,NWoCmiVP,MYdRLBEGff,customer,,
C-97c99c00-a490-44d2-a641-45cf3d218e33,wdIyyLZq,XAphXvtCvS,customer,,
C-57bdcf7d-4372-42af-8d15-e900592f77f5,bpkIOPIS,cOiszBjgwg,customer,,
C-e4eef410-28ec-4952-8798-274c72a6b7d7,oEsguadM,keBVeIjDku,customer,,
C-785d5cac-1512-4e39-9fca-f25d4d070ea0,AqkZzqMq,inVTMWovEB,customer,,
C-7637df38-0a35-4f7b-8ec0-0492a6232587,ewUDnSXx,BWFokiSHCs,customer,,
C-8ae98561-e5b8-45a0-adfa-71f69a1dd33b,LKIZePjo,TrAPXqutzA,customer,,
C-84a494c6-698a-4365-8864-ba3fe462fef4,WIodBOyH,LwABeeXqlk,customer,,
C-3d232317-6da8-4a6b-a903-781673407bc9,uKeXlBNK,bmmRuQLuCz,customer,,
C-382c2676-e52b-44d5-9dfc-3be7d2e3bf37,EFiijQlI,BpZtNdebPg,customer,,
C-d147684b-808c-44d1-98b9-d440002b6fff,hocCobjz,OZrDJdbMGK,customer,,
C-9b5e38de-bdf5-4533-be29-1aff458a08c4,ZQjQXzfo,ywKtJZIJXC,customer,,
C-9df0874f-60e2-4746-a203-b374e32ee60e,FwcckJVB,ftycSUuzsH,customer,,
C-2f32e212-351c-47b0-9d65-6584dc0899cd,XNXZinXG,XgKpLYjfYA,customer,,
C-e27f25c9-57f4-4483-8809-b52965463876,BmlKNsyy,xjfazmslbh,customer,,
C-af4cd93f-85d0-453c-97cf-815d0949d5c3,IVQNbMYQ,TSEnpNBaLN,customer,,
C-e05273c5-64a6-47e5-b9b1-292d2015c4e7,EyqguxiL,FSshKHJeSu,customer,,
C-fef84acd-9e37-49fe-8c75-81277c829416,UsqSpNKU,GsdTFQuTyF,customer,,
C-dfe6072d-e4bf-43b5-a560-a2b2f919a30f,frYdAZcr,yMuBqgkSVM,customer,,
C-d578545b-a9b3-42aa-9372-b0fe3ef0d048,ZnmYswUq,pJOOysnXtp,customer,,
C-afb6811e-5b80-4527-b76c-9ee4b1e3aba5,pIXHmJhZ,jEZveGmDxq,customer,,
C-62043473-10b8-4375-9a8f-c64bcc27e432,xGtaTigs,Tkgdjvtyue,customer,,
C-c79a548b-20f3-41a4-8ed0-bbabf35dcb32,ZxWpuWQJ,hRaHgtjHZQ,customer,,
C-7c4e14bb-996f-40d1-8a7e-ae2b52761290,TMONaUno,CEtJtGcqDk,customer,,
C-d311db5f-cc58-4af7-a996-fb9bece60b7b,SCrGuIRq,isSrlynwOw,customer,,
C-c8781965-fa78-4749-a66f-621d4f921a4c,JEELKNgs,rALIewkkNT,customer,,
C-a9f4300a-5f90-4d20-b161-e786f8bf42b3,wvDQRjTW,ZADxLIxiKv,customer,,
C-e381533f-a8c4-494f-a25c-4abf3b2aaa28,kjbrmBJa,FWuckoqaYV,customer,,
C-e325d42b-b985-4378-95cb-4ee51bf7ab75,OpaWFlaX,TIubBuyrhM,customer,,
C-6438a931-98bf-453e-b44a-376edb91e2b1,RNuiADpW,srMsJDjgOC,customer,,
C-73f665be-dddf-491b-91c1-98d1fa7fed48,ZMHXIYkh,VcOIgxyDSo,customer,,
C-9a51129e-352f-4c1d-a94d-8fb0fd8b39eb,CFdXsEfc,sIQDdLpnTr,customer,,
C-147e5ae9-ddad-4e77-990f-892d5d0bddf0,qIuSAjZr,lxdisqcVZT,customer,,
C-0bf06952-228f-4aa9-bb5d-6f70186ea1dd,UEesYAKt,JVnAUMSkkl,customer,,
C-f93ee5c5-5ab3-4b93-9b8a-ba8de1e39b69,BiItXcFZ,ooJpjITYcK,customer,,
C-bc476ee4-d62a-48b8-ab02-f37c5dbb4800,cIbjXuKP,JqBQTZCfYN,customer,,
C-b7f5ff55-24a8-42ff-a37f-678b42aafe2f,exfpmTSs,aboGbVoRct,customer,,
C-2e94294c-3e8f-4873-9bfd-86c7d4346f16,LQxNlvzJ,iJbNOCKASc,customer,,
C-63de8692-2d62-451b-8481-2a102ee61636,TpvTfpzn,yQBfeXmnXz,customer,,
C-86639511-d20d-4fc8-a108-0a4eb6e4cf42,fbxwAiPm,gFlbnEGRIL,customer,,
C-745462d4-8ce4-4eb5-83e1-ad8b13907516,NlauNFTp,kySslBuvrm,customer,,
C-14ba07d3-260d-4c61-88c7-509a42fffc25,fOvcLLtx,YpHcbJhqjU,customer,,
C-1fbebf99-7842-47b8-96ea-bd310c9f56ee,zybYqyZV,RvIcPfczzn,customer,,
C-7c9220dd-7350-4c03-9395-19137a2eb759,eheHfckf,NpiuXDIrNU,customer,,
C-4bcebb3f-a7b6-4a44-95d1-e195c18f19f7,rESzlnzw,YNIRqDKcpK,customer,,
C-59c9542a-f198-4a11-a1fd-4fe1c6eb271b,CeLWwXuy,IixvSeDLGV,customer,,
C-e52b1ebb-db2a-40e2-b327-44324bd4d514,MycHlKWq,vDhtiXeFef,customer,,
C-b726e85f-1b1f-415f-a379-0d3b199464c0,KrRoyqsN,UOHoPScrmT,customer,,
C-ad1d7d59-221e-4756-9aef-6f71112cd942,KmsSotfz,WDawaulQOk,customer,,
C-3d14761d-c32d-4cef-8a20-6221ab01bee1,oHGUinIf,bezHRFFUQg,customer,,
C-131da89e-186e-4b81-933a-90ee3ad30bf5,dNKsnXZz,YYHXfNoSRn,customer,,
C-c5eda2f0-387a-4ce4-9c67-470e24184bc2,BFJjLiEG,TjeKZXHRUy,customer,,
C-b09a12e9-0812-451b-93bb-4279c818e33c,TZDctnvv,HJpgvxthRI,customer,,
C-b0c53a9c-37c3-4834-a2d4-76de3cf6b7dd,AELyROdl,AMEMcevyIK,customer,,
C-f588757c-9e0c-4132-b293-2e8229bb5333,kMKKhtkH,gmQeUpcZGQ,customer,,
C-c2ddc3e9-7ded-40cd-8c3b-4b36777183bb,IuSSWWhS,UANDfCXkXA,customer,,
C-304d883b-1fa1-454c-87c3-853a06e08d6c,gwHMSjJx,SFhhVfFYyn,customer,,
C-1bb3dae7-7e0c-4422-8a9b-5a5689a6d8bb,XJMlUzdM,DOfUnuvouJ,customer,,
C-cf1ce5ec-7d54-4289-9a7a-4088e47d8ac8,RKMwMxcn,kNavHMNEnU,customer,,
C-6f7f4387-aebb-46cb-ab2a-6ad7228ee44a,SCZgOkEl,DONFnsHAkE,customer,,
C-567ff636-ef96-4889-ba3d-080025e93192,UVLHgVxW,SwtibTOBFO,customer,,
C-8618d6d3-6115-490f-a08c-2e0f6549522b,etfbNEDY,aoLlBufePx,customer,,
C-a76ae894-d84e-4e4c-93a5-a344d544fad9,bMCjuEbK,hcRfDjVidQ,customer,,
C-e5e9896d-ae26-460a-9bb2-ad4ba6529fd3,jUkufsBS,YuRnRwRrkg,customer,,
C-ecbd9f8e-4f8e-41eb-b2d3-8506919d7aa6,vbwIjFfm,KTpjmGariQ,customer,,
C-f7dee406-c98f-40fc-92e1-517c6b0ff310,nfOxrQLb,tbeAHUiEFN,customer,,
C-0f4297a7-fb5a-4a06-b864-d1e8e920e2e6,OxJLYqsC,XvpmoNrSrQ,customer,,
C-db4c5982-2081-4a1d-b000-9bd308f7fc15,bGOyCYJK,opGMJUWGzY,customer,,
C-06c67164-4fd0-4e74-8d5c-92c982e40d64,ijOrTLBI,TsWNWllYuz,customer,,
C-248a9a0e-fe6d-4405-89e3-c65f29e48a24,YCaGtSQj,pfZIdaqzba,customer,,
C-c48c73a7-a659-47d0-81da-e735a734faa1,AREaaFFP,nFbKGhHdPX,customer,,
C-d8117146-3837-4edd-82fe-ab15fd040ab7,QjzVeggj,GNoIVvbyIX,customer,,
C-b6d48277-ec7a-4ed4-8d55-4dc883399889,FScqlppB,ewCKuZiDEp,customer,,
C-61e9a276-8165-4e1e-a6e3-111536aefaaa,GgpTFvll,zsrhepWBjJ,customer,,
C-7cce874b-50a6-4153-b869-749d60968481,XORmIBjp,CWhoFBUTfx,customer,,
C-542c97b4-6ca0-4a80-bdcf-0f6445e02636,NrggEttF,gNQxsjbYQr,customer,,
C-47550801-a4e9-42e5-8563-62cc7e57e200,iNkhvbOU,eVigxycGNf,customer,,
C-f512dc6e-a26c-4bcd-bf6e-6e4b623634d5,qmjGywwI,zUCrPdgRWo,customer,,
C-0f4c5364-6f67-4cb2-bc28-e898429b113c,AdFdHLrR,LKTXRGONmY,customer,,
C-63a2f9ab-12dd-4a1b-9f05-2b3ef843d542,paCsoloo,VqvHZUCxPl,customer,,
C-18bbfa79-e408-4378-bdef-88870ecfcc52,qvHRDEMS,MlIJtWrsKh,customer,,
C-602abb51-6731-4d3a-9ade-7235b054f664,atoSUnEG,TrhXfbqXib,customer,,
C-43278370-9e27-4b6f-b855-111fb83b4a52,dsENzNfO,myVtuFVXZW,customer,,
C-19d8c56d-87a5-4bf1-b4ea-d2c12ab68ff4,ohWsOrNG,LRoiBtVtim,customer,,
C-ad9377de-e264-45de-8011-cb2537bd4da1,yISjtIaO,mBbRQmmjbG,customer,,
C-57ec78fa-e81f-40b6-a8e2-f35eb529a3e1,tdKiEuGH,dItGvarxdI,customer,,
C-f2c686f8-60ab-4c3e-95fa-87cce7db2b40,rdroLBFl,tjiFUwSUYt,customer,,
C-5d026c18-9a38-49ad-9b57-b7ca1d0c3597,SoUPmnqc,hDaMeAohWr,customer,,
C-d3b17cf6-bfec-4260-ac3c-7f7664fd4149,bQPnyRdV,UqNaYfaEng,customer,,
C-3d80eed7-f52f-4910-b053-fa013ed0dc21,RQNErpbM,xObkdpGErG,customer,,
C-58591a2b-f75c-4825-bb85-ae02a3aa9922,VdcwnbvW,qJIvmHBfBm,customer,,
C-0924ef29-e477-4cd9-a2be-d2d8c4c0441a,EDLYQpgK,uEeXWAXduK,customer,,
C-8e00ac0b-081c-4e48-889c-67913e4a767f,tRrARFFg,xmRVwfWOSp,customer,,
C-8eb67478-2c8b-4c6f-9db2-cfe91a952c79,hWjUiRLv,ylMvFaumjz,customer,,
C-1ddcd6dd-6409-4b47-8ce1-1d83f76682e2,kGtsgsnT,KYmoWqdQgo,customer,,
C-93767f69-07aa-4d1f-9519-7581262d2705,mUBskUDH,zFbNLvODsB,customer,,
C-1f88ae09-5b18-49a8-96ae-098f18ab6b21,gZqXuUDj,ZNJxhyhrGw,customer,,
C-2a8e29d7-92b8-4692-b0e8-3acf4008d6ef,fTAKhEFo,dOYoVXutLT,customer,,
C-f237f76b-2673-42ef-a4cd-568c8a9f94a1,cXANtMhz,gxaFkismCe,customer,,
C-a2aa7314-0402-4837-bb19-71c8ab4799bd,vmLaAssh,JaIPsFRosA,customer,,
C-5a958623-53b5-4c6e-a4e7-1adc4e29fe25,lJYItDyz,lQUbVkqEdf,customer,,
C-ed3126e7-8e57-4e81-80ff-521c419a4bfd,QVkvIJqs,LSWRQaOfPF,customer,,
C-d1bde0d6-9852-41a8-8521-9496c2da1223,WYacswnG,SxLqAGjyIs,customer,,
C-ac75bac3-a1ab-4b55-a897-0996fd16e582,qIKoSxPK,gGxTjnKVKF,customer,,
C-0030c6b6-de03-4818-bd4b-5af818ac9cec,ewQtjYos,wIphTLjpiL,customer,,
C-7bc6d362-ba08-4c8d-9a03-7c588852a7a4,iRIwgtvl,wlxMCXfDKL,customer,,
C-773729af-78e0-44c9-af97-4380e78d45d4,vVvFDdYq,yxcVzZUCfA,customer,,
C-d72859fb-0f3d-4b60-9f62-9d7771ebc6ff,SUTDktXX,GBgKPbAYWB,customer,,
C-7c9c67ee-29fd-48a3-a370-b7ac6f14f7b6,RDDGbcKi,MCVcFmeYIP,customer,,
C-fc291d2b-b178-4e57-9978-8cea2dc38c99,FaMvWBCb,BSswpAwzSW,customer,,
C-e7297820-2af6-4f9a-8600-6f772ace42ca,lovNJHkk,WUrjyVAInY,customer,,
C-ae5244df-0ec1-4cf9-958c-09f3a7f03806,AHwykpPz,JcEUnSdLnI,customer,,
C-c6ee813f-288f-4341-8f0d-167cf1af7cf1,uwmecxLx,zEkasLcLQD,customer,,
C-d60b9380-f2a1-4f9d-92bd-4e4a726e2f5c,kCgQBPMb,UodavKoNLg,customer,,
C-2db57b8d-57e8-4882-9913-85c18ca6013c,NHhlGlJt,VRhOEkGKVU,customer,,
C-98d75a10-69e3-4823-860d-dcf18879e7f9,HWANgRYb,WqZFfgRUQb,customer,,
C-12eb77fd-b0a3-4a92-91fa-531377e0b6b9,PgigBliG,ZZCstrsgCf,customer,,
C-76dc2f9b-9f54-4501-b3f7-0991deecdfc2,jKxMKzKH,oimhcqUZjw,customer,,
C-b91484c3-d095-4161-ae27-cc4b478d1c3a,eIykGFuL,oFBsfVOKnU,customer,,
C-072477b6-6885-46d8-bd8b-b9e6bc5f202b,MrpbawfS,PPDcAKEFGn,customer,,
C-a66a3ebe-79c2-403b-80f0-603a5f43b836,aWijsfuh,taZtLPjlvI,customer,,
C-86c5c86f-2813-41af-8f48-6818ab8092b3,NyWKDTtd,RNBWLsxnId,customer,,
C-ebf35440-9d3f-4b9e-88fa-9c15eebd0881,BJKisaaA,tmMBOzisYf,customer,,
C-6ef90637-41e1-4d2e-b1c1-6bad0b799458,gFDBLHQE,QNpcjzpybO,customer,,
C-96941169-e9b1-4e91-b59d-ce957fb76fd7,PYXYdgjv,mXInbvZFHO,customer,,
C-1288af79-f5c2-400d-8835-b7c7b7760b7e,EgOwiakR,nYsyJTqaXJ,customer,,
C-a5bc73d4-fe83-4a54-903a-c99a91b76eae,SdudQquy,EnCEpvtmVz,customer,,
C-7b53f534-185c-4402-8cd2-11a55ab3009a,ZPuYMzdZ,iSxxLClEai,customer,,
C-37d71ae5-9d4d-40a5-8056-dcbab7dbd828,kJSmCMIE,HlsBqGxpCQ,customer,,
C-e0bd3f65-bd6a-4caf-8e42-695521ab61c9,cdfRZrtJ,ttCSKvBnCq,customer,,
C-baa31be8-0ea9-4f45-96e6-bf75914d2dd6,fXtjaBjB,mmIAxZZzib,customer,,
C-d06b03b6-ace6-488f-b36b-27dc8ae84144,saacCvmr,wlsocqbhzc,customer,,
C-4cf7de21-0e76-4da3-a15c-b9d992e4fc26,gSkUGPBq,QeGbUGIUaM,customer,,
C-679a3629-10e6-4cf6-9813-dcb188f2d101,SOgPydlF,NIRqnkKmyU,customer,,
C-f28a94a1-3806-4bf0-b15d-938445562629,MbGHXyQe,TkdFROIINa,customer,,
C-8417b21f-a712-4534-ac1c-740cfffa6a38,JqdzgPsp,qCmvlJxpOx,customer,,
C-30f5d949-9f02-4c22-955e-86e8154169f5,BkiHeFWL,NYiioTtXqG,customer,,
C-d850e058-d669-4c7f-843f-106103c4b4e3,cdZkJnKa,ecOgXgCzuQ,customer,,
C-09290eda-d7cc-4c0a-a86a-67ce173fcecb,TuRxPrkT,ZumOMZpkdO,customer,,
E-a24df63a-8c3f-4fb3-80cf-6c4213d41bf2,uXprqONT,VthkLllPtN,customer support,VP,SG
E-cf905468-7f1b-45ce-991e-a6f997d7f0ea,UntsZUuh,OPpGTXZfFb,customer support,Junior,ID
E-a707ace9-d348-4e6d-a4c4-9398c9c0e2d6,WappzHcn,wHbNYHzClv,finance,VP,MY
E-9ff56d0e-1c13-47e8-9e3d-7ec263b56b2d,xkakTyEL,vXeRjawbPJ,finance,Senior,SG
E-8531fbee-2876-4b5c-af38-e493e2c3c70a,CKeDvmGz,tbpHSQRxud,marketing,VP,ID
E-f12dfc5e-c57c-498e-ae88-661f49e986d6,JLiqVjhv,jixyPsjmPJ,marketing,Senior,MY
